Price,Close,High,Low,Open,Volume
Ticker,INVE-B.ST,INVE-B.ST,INVE-B.ST,INVE-B.ST,INVE-B.ST
Date,,,,,
2020-01-02,116.71229553222656,117.24788321616275,114.43606830633871,114.43606830633871,4537988
2020-01-03,115.41796112060547,115.81964502664388,114.61457968796964,115.81964502664388,3417924
2020-01-07,115.59649658203125,116.4444990452005,115.19481263848374,115.41797189829461,3683196
2020-01-08,115.55186462402344,115.73038931180493,114.12364669093066,114.88238682942242,3259716
2020-01-09,116.4891357421875,117.02472342370912,116.13208636821344,116.26597647831358,3710640
2020-01-10,116.04280853271484,117.15860476860632,116.04280853271484,116.71228627424973,3759264
2020-01-13,116.17671203613281,116.89082443360259,115.81966264767847,116.0428219206027,3031172
2020-01-14,116.57839965820312,116.57839965820312,114.88238115662551,116.17670210482953,3935064
2020-01-15,116.71229553222656,116.71229553222656,115.81965847270666,116.57840542152282,3866612
2020-01-16,118.89925384521484,118.89925384521484,116.89082045721945,116.89082045721945,4215800
2020-01-17,120.10430908203125,120.41672385451365,119.30092762302053,119.61335601606238,4483936
2020-01-20,119.74725341796875,120.50600034987728,119.52409415806157,120.19357193778312,2397040
2020-01-21,119.8365249633789,119.8365249633789,118.54220395418079,119.43484101163612,2715888
2020-01-22,119.70262908935547,120.55063152899497,119.34556611122942,120.19356855086893,3058768
2020-01-23,118.49756622314453,119.83652177368853,118.31904154051738,119.70263166685822,4160728
2020-01-24,120.41674041748047,121.48791584349844,119.16705391454127,119.25632307356321,5122604
2020-01-27,117.56029510498047,119.16704449646053,117.29250126964043,118.94388523710387,5682300
2020-01-28,119.88114929199219,120.19356406305756,117.6495568391277,117.6495568391277,5608380
2020-01-29,120.23821258544922,120.9969595556716,119.70263850696371,120.23821258544922,4652788
2020-01-30,119.16703796386719,119.92578485231037,118.49756022249714,119.52408731104073,5228848
2020-01-31,117.87273406982422,120.10432686319248,117.73883032988523,119.92580216383531,4484428
2020-02-03,118.76535034179688,119.12239967784286,116.98007642044873,117.8727133811228,4408928
2020-02-04,122.15738677978516,122.15738677978516,119.16704718862539,119.16704718862539,5221104
2020-02-05,123.9872817993164,124.38897937151283,121.35400520463627,122.11275215149554,6095304
2020-02-06,123.67485809326172,125.46013207910292,123.45169884503157,124.87990986136879,4040660
2020-02-07,123.49634552001953,124.03191959591628,122.69296397533303,123.67487021198511,4295608
2020-02-10,123.9872817993164,124.25507564059383,122.91612005476726,123.45170773732211,2689484
2020-02-11,125.23699188232422,125.23699188232422,124.56751403579065,124.8353078985164,4360592
2020-02-12,124.74603271484375,125.77255991507782,124.56750802183274,125.4155105290558,4061336
2020-02-13,125.10308837890625,125.10308837890625,123.63024256195243,124.56751427299653,4191124
2020-02-14,125.68329620361328,125.95109003599129,124.92454928196895,125.3262332202559,2312124
2020-02-17,125.90645599365234,126.44203004011612,125.50477205366445,125.81718684229496,2289348
2020-02-18,125.23699188232422,126.30815371266559,124.7460387374206,125.37088200340627,3837924
2020-02-19,126.1296157836914,126.48666514950717,125.59402811440754,125.59402811440754,2678792
2020-02-20,125.77255249023438,126.88834878138465,125.41550312529037,126.53129941644063,3922096
2020-02-21,124.79064178466797,125.90643791360714,124.21041962528467,125.10305652843601,3345672
2020-02-24,118.45294189453125,122.55907805297252,117.9619887594148,122.55907805297252,8618228
2020-02-25,115.5072250366211,119.70262993058667,115.0609065262469,118.45292992920288,7610660
2020-02-26,115.23945617675781,115.64114015154438,110.5084767767259,114.70386846333481,10379288
2020-02-27,110.41919708251953,113.36490198417304,108.34381872700003,113.27563964387932,9609836
2020-02-28,106.513916015625,108.52234942995065,105.04107029334385,106.31307403624852,13921592
2020-03-02,108.32150268554688,109.90593478253899,105.28653540868369,108.14297800290555,13295428
2020-03-03,110.28532409667969,112.65080712791497,109.77205364232628,110.46384880497934,9273760
2020-03-04,111.9813232421875,113.00785728548114,109.97288973541846,110.88784413944717,6653812
2020-03-05,111.4011001586914,114.07901115471495,109.70508849915386,113.67732041914351,7062604
2020-03-06,107.76360321044922,109.4819322033711,106.75938655984604,108.79013714867736,7339608
2020-03-09,102.16230773925781,104.75095654861637,98.72565645575708,100.10924660859982,13965428
2020-03-10,101.93914794921875,107.6743436950134,101.00188313690177,103.32273809490405,11396380
2020-03-11,101.02420043945312,104.21537515587424,100.17619115929716,102.98799921720763,9589164
2020-03-12,89.26370239257812,96.13700475269464,88.5942246246338,95.64605847570347,20984856
2020-03-13,91.18287658691406,96.69490631879287,88.4157030767522,90.75887534758189,19463044
2020-03-16,86.76432037353516,88.57191180012555,82.5912461625686,86.58579568386614,16791436
2020-03-17,87.0321044921875,92.47718864195049,83.8409300515858,90.7142319899339,17254576
2020-03-18,87.34452056884766,87.81315631019551,83.7070278727403,84.53271293103968,10764304
2020-03-19,91.98624420166016,91.98624420166016,85.91630996811276,87.36684507147051,15254648
2020-03-20,89.73233795166016,97.49827731488519,88.12558858878876,95.13278784576676,17026204
2020-03-23,85.51463317871094,90.24560551644018,84.06409795440277,84.28725721968094,12865592
2020-03-24,93.70457458496094,93.70457458496094,87.99169600393931,89.93318434543428,10219848
2020-03-25,97.18585968017578,98.03386216108012,89.84392124090513,97.07428004793677,14620496
2020-03-26,98.52481842041016,98.52481842041016,93.97237064140994,94.93195278526548,7969908
2020-03-27,97.20817565917969,97.72143923645278,94.75342378298969,97.67681147032654,9151776
2020-03-30,100.04228973388672,100.04228973388672,94.84268189750041,97.20817132570582,7613512
2020-03-31,102.00609588623047,103.45663103041583,99.70755149466108,102.29620019095557,10609792
2020-04-01,98.59175109863281,100.15386580383701,96.6279524790594,99.46207759689887,8240996
2020-04-02,98.0561752319336,99.50671038864941,95.75763763078821,98.94881225145102,8870972
2020-04-03,96.80648803710938,98.6140794756198,96.07006517451792,97.96691895845149,4942340
2020-04-06,101.22504425048828,101.76062512593715,99.08271393841248,99.30587320403954,6716424
2020-04-07,105.30884552001953,106.04527510885917,103.05493580130126,103.32272961729377,9996492
2020-04-08,106.44696807861328,106.96023165760562,103.99221619420082,104.88485324307808,8534332
2020-04-09,103.25578308105469,107.58507097537374,103.25578308105469,107.58507097537374,5631700
2020-04-14,108.0760269165039,108.0760269165039,104.88485222194818,106.44696704227506,7655788
2020-04-15,105.01875305175781,108.67856369078781,104.72864191672299,108.0760309421066,6995968
2020-04-16,104.68402099609375,106.49161255008278,103.83601163469748,105.53202354720918,5659736
2020-04-17,108.43307495117188,108.63391690807438,107.04949172895931,107.13875406421825,8300540
2020-04-20,108.56698608398438,110.3745775535025,106.67013226751187,109.70509973592398,6082684
2020-04-21,106.71475982666016,108.43308202591582,106.67012525097867,107.67434191129124,5933352
2020-04-22,107.51812744140625,108.34381941751582,106.84864966951635,107.76360398648856,5001600
2020-04-23,108.70087432861328,109.23645517784806,106.62548917369352,107.78592002226887,5093916
2020-04-24,106.3800277709961,107.91982538696286,106.3800277709961,107.38424449579361,5630188
2020-04-27,107.07180786132812,108.27687328696226,106.96022823379016,107.85286525409396,5305528
2020-04-28,108.12067413330078,109.01331127784816,106.91561535021802,107.58509320862855,5537100
2020-04-29,111.06636810302734,111.11099586953306,107.4511853123321,108.12066310244009,5623860
2020-04-30,109.61582946777344,111.22257202768515,108.47771589807762,111.13330968718117,4437676
2020-05-04,103.54588317871094,106.84863707323053,103.43430356321663,106.67011241255135,7712320
2020-05-05,105.71053314208984,105.88905780732657,104.32694315052723,105.04105543203299,5580184
2020-05-06,104.17073822021484,105.7328530158667,104.01453082681768,105.71054253843857,4375944
2020-05-07,106.0452880859375,106.33539241353064,104.23769663248666,104.55011824919015,4175188
2020-05-08,107.91981506347656,108.83476935393581,106.3353830205271,106.6701218967722,5757988
2020-05-11,106.33538055419922,108.50002796115629,105.19726703930715,108.45539338791357,4359344
2020-05-12,107.13875579833984,107.94213044923275,105.2642194864429,105.48737873334206,5918744
2020-05-13,103.90294647216797,106.4246432320429,103.90294647216797,105.9336969761956,5935168
2020-05-14,99.93070220947266,103.2780907177437,99.23891403265347,103.03262100869397,8493440
2020-05-15,102.36316680908203,103.5235910055423,100.86799687465944,101.11347345034865,7463844
2020-05-18,107.04949951171875,107.1164445654601,103.92526987855949,103.99221493230085,5663656
2020-05-19,107.67434692382812,108.18761051665855,106.06759746841739,107.78592655794607,6734628
2020-05-20,107.27264404296875,108.12064638857134,106.24611022810087,107.33958908751872,2782008
2020-05-22,106.87096405029297,107.4288621783591,105.84443013259529,106.31306592222683,3754860
2020-05-25,109.88362884521484,110.19605047724922,107.40655945858373,108.23225152422103,3297700
2020-05-26,110.48615264892578,111.13331315059811,109.88361991375622,110.7985742555662,4845680
2020-05-27,109.2587661743164,111.22256477852952,109.05792421870274,110.79856358106073,5078440
2020-05-28,111.80279541015625,111.98132010386466,109.236463778985,110.24068050422594,5261824
2020-05-29,111.80279541015625,112.6954324992593,110.37457742964749,110.86552374248585,8213356
2020-06-01,111.7581558227539,113.63269907408046,110.64235951138343,113.36490523523946,3796260
2020-06-02,112.78469848632812,113.81123253398492,111.62427431920888,112.20448299762813,4616484
2020-06-03,115.95352935791016,115.95352935791016,113.14172853485312,113.40952233242007,4748868
2020-06-04,115.1501693725586,115.77501252876296,113.85584848744402,115.50721871308701,4662592
2020-06-05,117.6941909790039,117.6941909790039,115.50721948680055,115.95353797573031,4791712
2020-06-08,116.17671203613281,117.60493683107237,115.73039349028434,117.47104671554226,3660360
2020-06-09,115.28407287597656,116.71229764529049,113.90048949483926,116.35524826324243,5687980
2020-06-10,114.703857421875,117.1586092344054,114.61458827137716,115.4626043394266,4512628
2020-06-11,108.09835815429688,113.05249709076074,108.09835815429688,112.65080628467173,6589072
2020-06-12,107.78592681884766,109.9728849287411,106.38002614967051,106.89328974374332,5876716
2020-06-15,110.10678100585938,110.19604335062772,105.06338020822388,106.17917654352907,7499764
2020-06-16,114.30219268798828,114.52535198116259,111.93670281828449,112.47228375984658,7834408
2020-06-17,114.8377456665039,116.75692340663355,114.39142716236583,114.4360617368916,6336236
2020-06-18,114.38349151611328,115.47372057953716,113.74751878619325,114.97403514692927,7596440
2020-06-22,111.56706237792969,113.7020983700689,111.56706237792969,113.5658180021648,4312696
2020-06-23,112.24846649169922,113.13427855846211,111.93047663000812,112.43016904280155,3844540
2020-06-24,109.54559326171875,111.88505344209048,109.40931981538336,111.65792178952088,4357728
2020-06-25,110.63581848144531,111.02193809396724,108.13737054868697,109.25031415061423,4036960
2020-06-26,110.90837860107422,113.29326085465523,110.74939060974008,111.29450516711421,3610040
2020-06-29,112.15760803222656,112.3166029627143,109.886291491019,110.49954972974824,3577760
2020-06-30,111.68061828613281,112.56643020164712,110.95379434280952,112.2711549421378,3935828
2020-07-01,111.95317840576172,112.92984856812694,110.70395444784663,111.68062461021185,4425956
2020-07-02,114.11093139648438,114.15636049583208,112.6118612276065,112.86170741100405,3558624
2020-07-03,113.06612396240234,114.38349159069813,112.86170687931549,114.06550869128444,2502640
2020-07-06,115.70086669921875,115.70086669921875,114.33807673354713,114.7014887773612,3168020
2020-07-07,115.1557388305664,115.42829956489852,114.20178319191142,115.29201919773246,2762260
2020-07-08,114.97403717041016,116.56395862593101,114.24721316099765,114.65604733410002,2877868
2020-07-09,114.11093139648438,116.01883573346197,113.79294849557267,115.83713319908595,2585352
2020-07-10,114.97403717041016,115.15573970700956,113.52038915158514,113.74752078808811,2579548
2020-07-13,117.06364440917969,117.42704946192195,115.29201358527932,116.06425971961724,3579000
2020-07-14,116.01885223388672,116.83653454939324,115.01947428967046,116.10971044550412,3217472
2020-07-15,118.01758575439453,118.19930214318856,115.92797898189706,116.97278583389932,3429812
2020-07-16,117.06364440917969,117.69961018298572,116.33682044068101,117.6541810856394,3584964
2020-07-17,117.83589935302734,118.6535816254481,117.10907528743644,118.33559176455958,3063992
2020-07-20,119.28952026367188,119.60749618898585,117.92673065029332,118.19929134557161,3002916
2020-07-21,119.3349609375,120.83402411248684,119.15324454767139,119.69836599112888,4037532
2020-07-22,120.60689544677734,120.60689544677734,119.01697403787445,120.37976381693407,3256916
2020-07-23,121.01573181152344,122.15138998141953,120.47062420778218,121.06116091092224,3169608
2020-07-24,118.74442291259766,120.19807100636031,118.24473051392827,119.92551025590286,3454012
2020-07-27,119.3349609375,119.88006851794331,118.42643444041364,118.74441039658537,1978008
2020-07-28,118.74442291259766,119.78923681218195,118.01759886571634,119.28954441351256,2615988
2020-07-29,119.56209564208984,119.60751087770286,118.33557929421842,118.78984255446494,2521560
2020-07-30,116.79109191894531,119.56210069618734,115.97341662963557,119.56210069618734,3515968
2020-07-31,117.3362045288086,118.78985263010023,116.92737033251272,116.92737033251272,3345940
2020-08-03,121.19742584228516,121.46998655653894,117.06364148432226,117.47247562419604,3569084
2020-08-04,119.28952026367188,122.0605285834775,119.0169595683936,121.51540719292095,3382652
2020-08-05,120.87944030761719,121.06114281503721,119.92548481489615,119.92548481489615,2673200
2020-08-06,120.37976837158203,121.74255820220371,119.69837345627118,120.87946074874633,2200348
2020-08-07,121.19742584228516,121.6516890783702,120.06176775207253,120.28889937011506,2421384
2020-08-10,121.10658264160156,122.2876698390333,120.83402192480749,121.74254840544513,2166588
2020-08-11,123.24161529541016,124.24099999966253,121.9242546310879,122.15138625814396,4267264
2020-08-12,123.7413330078125,124.15016724769941,122.24226950722138,123.10536709431982,4006248
2020-08-13,123.19619750976562,124.15013923323924,123.05991021854506,123.37790003504564,2356792
2020-08-14,121.7879867553711,123.15077657987054,120.6068994682019,123.10534747978423,3605176
2020-08-17,123.65047454833984,123.65047454833984,121.78799226466822,121.78799226466822,2775484
2020-08-18,123.55960845947266,124.15014516058042,121.83341359237708,123.24161862779017,3735952
2020-08-19,124.92240142822266,125.37666470614347,123.10534831653942,123.60504069485533,2593260
2020-08-20,124.5135498046875,124.87695483090022,123.46873609405293,124.15013091546163,4172592
2020-08-21,124.8769760131836,125.46752660971795,123.65047344441003,124.92240511491939,3106852
2020-08-24,126.51231384277344,127.92053267610372,125.7854898775371,125.7854898775371,3336028
2020-08-25,126.33061981201172,128.05681471538446,126.28519071181454,127.05744382612156,2796560
2020-08-26,127.87510681152344,127.87510681152344,126.05805378400623,126.33061451073671,2658592
2020-08-27,127.42085266113281,128.42023744289688,127.28457921953563,127.87511595047731,2571644
2020-08-28,125.4220962524414,128.01138866927573,125.14953550777061,127.87511522844801,2962068
2020-08-31,125.2403564453125,127.01197996400667,124.8769376062142,125.83089299720682,4269288
2020-09-01,126.01264190673828,126.42147612119848,124.83155450484054,125.83093935175778,3234456
2020-09-02,127.51171875,128.9199239436442,126.5123339064303,126.5123339064303,3664488
2020-09-03,125.83091735839844,129.60129670154922,125.37665411883742,129.10161822844324,4444028
2020-09-04,124.74069213867188,127.32998436487856,124.10472635660432,125.2857997248665,3375512
2020-09-07,127.55712890625,127.60255800878599,125.55837316180754,125.55837316180754,2581728
2020-09-08,126.60317993164062,127.73883811594663,126.01262935799252,127.73883811594663,3427392
2020-09-09,130.05557250976562,130.41899145434382,126.28519280224289,126.28519280224289,3695880
2020-09-10,129.1924591064453,130.14641465663593,128.5110642653111,130.05555646594595,3324232
2020-09-11,128.96534729003906,129.64674223577333,128.42023965126103,129.19247893861714,3748780
2020-09-14,129.28330993652344,130.19183633964306,128.64734422694227,129.4650124445448,2425672
2020-09-15,129.91928100585938,130.555246741677,128.55649134495874,129.23788617540907,3559060
2020-09-16,132.05435180664062,132.0997670479309,129.69217701286357,129.91930867137998,3559884
2020-09-17,130.78240966796875,131.5546628726022,130.05558556884608,130.69156531996381,3296444
2020-09-18,132.7811737060547,133.05373449285852,130.8278468161593,130.8278468161593,6726032
2020-09-21,127.92053985595703,132.41774346519074,127.92053985595703,132.41774346519074,5985048
2020-09-22,128.37478637695312,130.46439992301652,127.78423588403682,128.46563070146968,3962212
2020-09-23,128.96534729003906,130.96410302492316,128.9199181877203,129.1470498362984,3077816
2020-09-24,128.55650329589844,129.7830196499344,126.92115277818868,127.92053750095981,3785984
2020-09-25,130.10098266601562,130.50981678899524,128.465632311084,128.7836221084088,2880652
2020-09-28,133.8713836669922,134.09851528918728,131.00951690952562,131.55463834799946,4426288
2020-09-29,133.64425659179688,134.32565148156536,132.9628617020284,133.64425659179688,2962596
2020-09-30,133.32627868652344,134.09853184252052,132.4631811882428,133.09914703629084,3768060
2020-10-01,131.5092010498047,133.59881461629024,131.5092010498047,133.2808248198419,3783716
2020-10-02,130.28269958496094,130.96409448626935,128.2385148810357,130.96409448626935,4131280
2020-10-05,131.69091796875,132.19061033367956,130.46441546902983,131.00952307012278,3224760
2020-10-06,130.10098266601562,132.0088937239381,129.55587512304723,131.73633302094728,3774876
2020-10-07,129.46502685546875,131.0549482379043,128.91990540771369,129.60130028590038,2755572
2020-10-08,129.01077270507812,130.10100181448982,127.82968539362577,129.78302583337802,3117700
2020-10-09,128.55650329589844,129.7375905510785,128.19309823108054,129.01076655842812,2319632
2020-10-12,129.8284149169922,130.23726288079607,128.32935192641952,128.55648352274946,3086332
2020-10-13,128.5110626220703,129.96471047644127,127.82966778964892,129.96471047644127,2902724
2020-10-14,128.73818969726562,129.4195845056806,127.82966328604566,128.37478467798277,2496748
2020-10-15,126.46688842773438,127.37541494497819,125.60379100895567,127.37541494497819,3604708
2020-10-16,128.91990661621094,129.51045716731713,126.78487762902078,126.92115106072984,3717076
2020-10-19,128.78363037109375,130.14642011047042,128.5110696506156,128.91990379982576,2138716
2020-10-20,128.73818969726562,131.10036391164266,128.5564871876242,129.23788199603916,3278768
2020-10-21,126.55774688720703,129.69216060559756,126.01262543052411,129.46502897581544,3647556
2020-10-22,127.82968139648438,128.01138393186875,124.78612580550548,126.28518905119503,3162256
2020-10-23,128.4656524658203,129.2833347030774,127.78425753294712,128.28394992299053,2052940
2020-10-26,125.05866241455078,127.87510000243874,124.92238898994904,127.37540767387621,3191516
2020-10-27,124.37728881835938,125.60380530140958,123.46876219773435,125.14954199109707,3232180
2020-10-28,121.65170288085938,123.01449274373539,120.37977122071457,122.65108765884126,5493888
2020-10-29,121.60627746582031,123.46874569881022,120.97029782595486,120.97029782595486,4127944
2020-10-30,121.37915802001953,121.74256311096542,120.24349978204411,120.92489472482936,2471172
2020-11-02,123.01449584960938,123.69589079825127,121.33372996076882,122.2876856614706,4481352
2020-11-03,125.69466400146484,125.83093744988643,123.55962088941916,123.65047909704431,4151880
2020-11-04,128.73818969726562,129.14702380971204,123.83215262188298,124.92238154274436,4412524
2020-11-05,130.2372589111328,131.82718003698125,129.78299573231897,129.9192691407583,3903312
2020-11-06,130.5098419189453,131.41836852851128,129.2379102107593,130.1010077172438,2828896
2020-11-09,134.73448181152344,136.23354498118104,132.05433142724956,132.87199972651476,6436436
2020-11-10,133.9168243408203,135.5976042095626,133.3262875561361,135.0070674248784,4526100
2020-11-11,135.87014770507812,136.23355277821378,133.87139207680218,133.91680731368294,3767672
2020-11-12,134.7799072265625,135.82470712074738,134.18935670388143,134.91618065171227,3663092
2020-11-13,134.9616241455078,135.27960012578362,133.91681027684817,134.68906340311767,3785212
2020-11-16,134.9162139892578,135.64303811668555,134.23481896911005,135.370477336023,3461736
2020-11-17,135.4158935546875,135.9155859611729,134.23480619290814,134.8253429422899,4014080
2020-11-18,136.36985778808594,137.32379969470804,134.3710880372173,135.1433412466908,3533676
2020-11-19,135.82472229003906,136.23355647416187,134.91619571953714,134.91619571953714,3382004
2020-11-20,136.05184936523438,136.73324427023553,135.46131265943927,135.50672789602748,2965060
2020-11-23,134.9616241455078,137.0966532576975,134.9616241455078,136.18812669174056,2687052
2020-11-24,135.59759521484375,136.14271672071274,134.0531027655693,135.82472686511986,2777972
2020-11-25,135.14332580566406,136.59697384693104,134.8253359644447,136.142710566912,3179792
2020-11-26,135.779296875,136.1881310702217,135.05247282626382,135.64302343093132,1791056
2020-11-27,135.14332580566406,136.142710566912,134.73449162624996,135.188754906269,2380036
2020-11-30,134.8253173828125,135.27958060022496,133.41711249924444,134.68904396279405,5799508
2020-12-01,134.50738525390625,135.09792208365928,133.14459515784444,134.9616486192602,3007316
2020-12-02,135.00704956054688,135.41588373146277,133.82596228444496,134.37106989132786,2471168
2020-12-03,133.96224975585938,135.3250397103707,133.82597630561477,135.00706370546115,2113336
2020-12-04,134.3256378173828,134.77990103101885,133.64424299692874,134.1439214415179,1590684
2020-12-07,134.1893768310547,134.68906923657602,133.09914767729097,134.41650848238112,2498968
2020-12-08,135.779296875,135.779296875,133.50798038708425,134.18937533345897,3427252
2020-12-09,134.59820556640625,136.14271182313462,134.46193212634915,135.9155801810293,2568888
2020-12-10,133.8713836669922,135.2795886341905,132.32687754565433,134.59819376760524,3656924
2020-12-11,133.00827026367188,133.55339169334002,131.64548055251535,133.41711826742988,3372852
2020-12-14,133.37167358398438,134.59817586287573,133.05368381000577,134.00763926892938,2951176
2020-12-15,133.5533905029297,134.73447768134065,132.5994349410203,133.3262588864281,3037264
2020-12-16,133.4625244140625,134.6436115225878,132.3268663987522,134.05307489983159,3299752
2020-12-17,134.8707733154297,135.37046572662106,133.780544149295,133.91681759643083,3466336
2020-12-18,133.9168243408203,135.87016498057713,133.87140909816512,134.87078010786277,4623980
2020-12-21,130.8732452392578,133.09913239406424,130.3281237934621,133.09913239406424,3924332
2020-12-22,132.00889587402344,132.37230090858796,131.10036942459865,131.10036942459865,2414684
2020-12-23,132.64488220214844,132.87201384975484,131.78178471384717,132.3723214524176,1846416
2020-12-28,135.097900390625,135.3704611386751,133.0991446766168,133.5079788671842,2080372
2020-12-29,136.59695434570312,137.27834916845254,135.3704381195489,135.59756972713205,2572436
2020-12-30,136.09727478027344,137.05123039405157,136.09727478027344,136.73324056845405,2704920
2021-01-04,138.55030822753906,139.45883483886718,136.91495755454525,136.91495755454525,3109640
2021-01-05,136.3244171142578,138.64116268307032,136.3244171142578,138.05061208387428,1778668
2021-01-07,138.86830139160156,139.14084829107355,136.7786873632135,138.50488242061184,4379888
2021-01-08,141.04872131347656,142.13895020320044,138.86826353402876,139.27709763479868,3682516
2021-01-11,139.4134063720703,142.09355711511904,139.32256202833238,141.0487570525289,3057460
2021-01-12,139.86766052246094,141.41215289504538,139.32255290667442,139.45882634486728,2836224
2021-01-13,139.7768096923828,140.094785654402,139.04998570874488,139.9130831242461,3232372
2021-01-14,141.04872131347656,141.32128200166065,139.4133710473845,139.86763424002046,2491432
2021-01-15,140.63990783691406,141.73013688651514,140.27648891170404,140.8670394665399,4273176
2021-01-18,141.32130432128906,141.59386505252013,139.9585145281484,140.36734869348768,2177024
2021-01-19,140.82164001464844,142.4569908648414,140.63993744529753,142.09357186312215,3298088
2021-01-20,141.73013305664062,142.0935381090161,141.18501161506327,141.27586980966421,5689192
2021-01-21,142.4569549560547,144.18314972429656,141.32129685510242,142.18439423922337,6762164
2021-01-22,141.95726013183594,142.77492840498985,141.04873366699218,142.63865498046874,5379300
2021-01-25,141.6392822265625,143.5017644086082,140.5944822493981,143.09293023767498,4568332
2021-01-26,144.63742065429688,145.1825421169408,141.63928033578458,141.63928033578458,4214436
2021-01-27,143.22918701171875,144.81910827384763,142.4569478593498,144.68283485372757,4547888
2021-01-28,141.32130432128906,142.63866501538877,139.04998799938798,142.41153338319867,5145848
2021-01-29,139.54969787597656,140.91248784014422,138.5957421284559,139.59511311770237,4846028
2021-02-01,144.09231567382812,144.18316001057696,139.91308801896477,140.1402196553592,3309780
2021-02-02,145.8639678955078,146.54536293656778,144.31947524170872,144.682880385067,3894608
2021-02-03,145.1371307373047,146.9087549126685,144.81914086810403,146.45449159267693,2672616
2021-02-04,145.6367950439453,146.72702402883235,144.7282685793705,145.22796090748938,3838044
2021-02-05,144.4557342529297,146.36364572223147,144.4557342529297,145.86395330284137,2757056
2021-02-08,144.27401733398438,145.86393877908776,144.22858823437846,145.45510460866413,2408816
2021-02-09,144.77369689941406,144.90997032316457,143.32004901867845,144.50113618889944,2138900
2021-02-10,144.4102783203125,145.45509206911692,143.59261004995568,144.95539974255945,2877304
2021-02-11,147.2267303466797,147.2721594468279,144.86455576912195,144.90998486927018,2920828
2021-02-12,147.8172607421875,148.31695309643226,146.40904187586656,147.18129495633707,2631976
2021-02-15,147.8172607421875,149.04377707869608,147.63555821237514,148.58951382265798,2150104
2021-02-16,146.63619995117188,147.9081456152951,146.63619995117188,147.81728740249454,2608036
2021-02-17,144.04689025878906,146.59076742408413,143.36549533217513,146.31820668083552,4222316
2021-02-18,143.320068359375,144.7737164362769,142.50239998050233,143.95603419438876,3274336
2021-02-19,144.00148010253906,144.0469092095597,142.91125084912957,143.45635854432575,3108520
2021-02-22,142.77493286132812,144.04687826961796,141.9572645626529,144.0014491723551,3167056
2021-02-23,142.59324645996094,143.41092871411507,140.3673590725145,143.22921230451482,3390156
2021-02-24,143.63807678222656,143.86520845717442,141.95729684240558,142.54783365206308,3023496
2021-02-25,143.8651885986328,144.72828607169288,142.86580382160622,144.22859368317955,2738040
2021-02-26,141.91183471679688,143.41091174047924,140.82160570330953,141.36672714156023,2503620
2021-03-01,145.95480346679688,146.18193513348223,142.86581834508286,143.0929500117682,2700116
2021-03-02,146.9995880126953,147.2721487307371,145.3642375674586,145.9547742373708,2730152
2021-03-03,146.4999237060547,147.862713694018,145.22799192916227,147.40845036469688,2288768
2021-03-04,147.54470825195312,147.81726899339327,145.27339184497714,145.50052348567473,2680736
2021-03-05,146.00021362304688,147.5447059834408,145.8639401859296,146.95416927191266,2533792
2021-03-08,150.40658569335938,150.5882882459398,146.59077663710622,147.0450399500653,4036564
2021-03-09,151.26968383789062,151.3605420460628,148.68037739816168,150.22488375899155,3995564
2021-03-10,152.35987854003906,152.7687126582575,150.4519813673487,151.26964960378555,3252368
2021-03-11,155.26718139648438,155.44889779636583,152.5870308544122,152.63245995438257,3690400
2021-03-12,155.17633056640625,155.17633056640625,153.08671682234117,154.76749640981,4052116
2021-03-15,153.85897827148438,155.85773392815688,153.49555933017066,155.13090990854457,2948540
2021-03-16,155.5851593017578,155.76686182468993,154.22236958524604,154.22236958524604,3867996
2021-03-17,155.26718139648438,155.67602943320273,154.44951304907758,155.58517123326197,3831200
2021-03-18,153.90438842773438,155.8577287823898,153.76811499362537,155.67602624923958,4557396
2021-03-19,152.90501403808594,154.76749615171224,152.7687267441049,153.90438487887528,7126312
2021-03-22,154.44949340820312,155.04003004367627,151.72391411276425,152.58701145038393,3257320
2021-03-23,154.7675018310547,155.22176510163246,153.31385381999988,154.31323856047692,3323484
2021-03-24,155.44888305664062,156.17569313519027,153.6772453668884,153.90437698218858,3417948
2021-03-25,155.8577423095703,156.7208398142048,154.81292839299942,155.22177645684047,3898884
2021-03-26,157.6293487548828,157.9473385771157,155.53973501895874,156.26655899619507,3336400
2021-03-29,155.5851593017578,158.53787035419992,155.4943011087848,157.6293438765254,4345116
2021-03-30,158.21987915039062,158.3561664386516,156.5391134992821,156.72081602061633,2967356
2021-03-31,158.17446899414062,159.2646980201519,157.76562097924895,158.2198842286715,4355396
2021-04-01,159.80982971191406,159.96882464580213,158.17449285768345,159.01486890549006,1924260
2021-04-06,161.0590362548828,161.60415772213105,159.80981226686913,161.26346027085458,4104244
2021-04-07,161.17262268066406,161.4679049332724,159.4237199642295,161.21805178591276,3215044
2021-04-08,160.69561767578125,162.42181240525557,160.4457784443883,161.17258852226362,3897440
2021-04-09,162.33099365234375,162.39913037500284,160.12781386626153,160.80920881888392,3235100
2021-04-12,161.89942932128906,162.39912169912014,161.35432170612205,162.33098498010114,2592152
2021-04-13,163.8073272705078,163.98902979407575,161.21802125486946,161.94484521215512,4069320
2021-04-14,162.60354614257812,164.0799017982324,162.14928286391526,164.0799017982324,4161172
2021-04-15,163.3757781982422,164.32973381399475,162.42182258248963,162.58081749561748,3274428
2021-04-16,166.05596923828125,166.05596923828125,162.96698386972085,163.53481308181048,4263836
2021-04-19,165.3291473388672,167.35061087428355,165.1701523980325,166.0559575889396,3332520
2021-04-20,161.14988708496094,165.51081703449293,160.33221878449237,165.32911450805705,4824648
2021-04-21,162.62628173828125,163.8073692385929,161.2634916678487,161.2634916678487,4111032
2021-04-22,161.7177276611328,163.08051750097383,161.33160110057483,162.8533858610003,4430792
2021-04-23,162.19468688964844,162.19468688964844,160.94546295967828,161.30888187529627,2917452
2021-04-26,162.62628173828125,163.44395023533377,162.10388165055227,162.19472600410396,2937628
2021-04-27,163.60292053222656,163.6483496336662,161.96756992150773,162.62625723484385,4880184
2021-04-28,163.53477478027344,164.4433013068305,162.0129900756874,164.3297354910109,3748456
2021-04-29,164.3070526123047,165.32914510857498,163.60293613039732,163.989062734925,3315708
2021-04-30,163.28494262695312,164.87486411752516,162.9442451646877,164.64773247601488,2154004
2021-05-03,164.57955932617188,165.1701098309321,162.71709121157937,163.42119365850937,2920864
2021-05-04,161.19532775878906,164.76129728112173,161.01362521930398,164.57958087862147,3982612
2021-05-05,166.19219970703125,166.26033641656656,161.6722751800095,161.6722751800095,3842352
2021-05-06,167.04425048828125,167.27452929289421,165.0868806490711,166.8139716836683,5254728
2021-05-07,167.3666229248047,168.67921484795252,167.18240270254407,168.6561925908332,3196452
2021-05-10,168.05747985839844,168.2417001031951,166.39946954502113,167.64298079383005,3177440
2021-05-11,163.4288787841797,166.9751641231151,162.96832115145273,166.95214186352015,4541752
2021-05-12,163.7512664794922,166.05405472448635,163.49796539458447,163.49796539458447,2020408
2021-05-14,168.10354614257812,168.37988354999774,165.0408405101794,165.40928101666935,4692304
2021-05-17,168.3338165283203,169.13979239405097,166.5606668126921,168.4950145124872,3413668
2021-05-18,171.55772399902344,171.88011997488871,169.2549357574258,169.55429541781268,4790948
2021-05-19,169.908935546875,172.70911989316366,169.4852163218246,172.24856224011523,4996905
2021-05-20,174.3486785888672,174.9381917365981,170.86686436397179,170.86686436397179,4583975
2021-05-21,173.81443786621094,176.2093430418334,173.53810049131562,176.16328447016704,3284940
2021-05-24,173.86048889160156,175.4724404442389,172.4327575625309,174.09076768483547,2735800
2021-05-25,173.49205017089844,174.91976745907428,173.03149257984757,174.09076941722364,3616667
2021-05-26,173.169677734375,174.5513506950216,172.4788412540517,173.63023538792388,2750472
2021-05-27,173.49205017089844,174.3671067828746,172.9393754395965,173.16965423512193,4732597
2021-05-28,175.886962890625,176.02513861803277,173.3538958276267,174.0907908751561,2634119
2021-05-31,176.48570251464844,177.3147006880312,174.87375069021178,175.93302769565693,4674382
2021-06-01,177.26864624023438,178.97271525923563,175.8409146371664,177.03836740280744,3400761
2021-06-02,177.314697265625,178.18975399955139,176.16330312753652,177.314697265625,2843206
2021-06-03,178.88058471679688,179.0187604419764,176.3935762697069,177.3607501255485,2641016
2021-06-04,179.38720703125,181.04521740404877,178.37397456589957,178.8805907985748,3011881
2021-06-07,178.88058471679688,179.84775857263847,178.420027076406,179.3872009322476,2270410
2021-06-08,179.57142639160156,179.7096021207933,178.2358120067065,178.88058991095542,609722
2021-06-09,179.57142639160156,180.2622628722477,178.2358120067065,178.88058991095542,2415073
2021-06-10,179.4793243408203,180.44648417528305,178.55820902791922,179.61748601571378,2430821
2021-06-11,180.44647216796875,180.76886812807288,178.3739628518507,179.61747406356287,2691517
2021-06-14,180.35438537597656,182.1044988901626,179.2029912074056,180.538605631927,2701465
2021-06-15,180.21620178222656,180.95309682899187,179.61748246272575,180.5385977574064,2169386
2021-06-16,180.99916076660156,181.8281589343305,179.80170803702302,180.26226569800673,4575721
2021-06-17,179.93988037109375,180.7688785231711,178.83453076151844,180.67676137067178,2867736
2021-06-18,179.57142639160156,182.79532996795027,179.20298589063196,179.93988094767536,4400287
2021-06-21,180.99916076660156,181.87421751144976,177.8213157168348,178.2818733778185,2801231
2021-06-22,181.6439208984375,182.380815894892,180.53858543130724,181.78209661626818,2541805
2021-06-23,178.88058471679688,182.33476701972847,178.88058471679688,181.64393055914215,2903426
2021-06-24,181.5518035888672,181.8741854616832,179.24901568974457,179.66351470056625,2407607
2021-06-28,180.99916076660156,182.70322973428307,180.53860310561782,181.55183558182378,2458627
2021-06-29,183.1177215576172,183.76249944640838,181.0912707406575,181.4136526575012,2564404
2021-06-30,181.68997192382812,184.7757134441952,181.55181026683957,183.11770328482038,3908668
2021-07-01,182.97955322265625,183.39406636193291,181.13732257735347,182.51899556133057,2637722
2021-07-02,184.13092041015625,185.14415273872754,183.3019223632178,183.3019223632178,2566368
2021-07-05,185.42050170898438,185.69683909362345,182.7032145460905,184.22304907895054,1575238
2021-07-06,185.05206298828125,187.07852794536984,184.49940222688798,185.51262065032785,3367613
2021-07-07,189.65762329101562,189.74974043754116,186.06527945817143,186.24949969611927,2720563
2021-07-08,186.4337158203125,189.56551601673397,185.42049750640496,189.2891786383581,2907392
2021-07-09,189.01283264160156,189.10494978189422,186.52582445982435,187.35482250204933,1904679
2021-07-12,191.96041870117188,192.60521064115818,189.10496976666232,189.28919001161395,2177935
2021-07-13,192.78944396972656,193.25000164091315,191.22355069871313,192.0525488848071,2283399
2021-07-14,192.69729614257812,193.06575065394478,191.40774049055105,192.42095877282875,2213902
2021-07-15,192.60520935058594,194.5395429922724,191.31563953435798,192.69731244489273,2513062
2021-07-16,194.6316680908203,195.36856315088914,192.0525424081315,192.6052172169592,3101165
2021-07-19,187.2627410888672,194.53954625086394,186.8021834443078,194.35532600406094,4347570
2021-07-20,189.38128662109375,190.21028466101367,187.17060175613685,187.9074967111225,3325596
2021-07-21,193.89476013183594,194.2632006098076,189.7497415066898,190.67085675672226,2573483
2021-07-22,196.84234619140625,198.13191610600114,194.81589524573397,195.09223265994035,2485444
2021-07-23,199.1450958251953,201.0794432933788,197.3028654955356,197.7634230779505,3281610
2021-07-26,198.1319122314453,199.329350911082,197.4871202592047,199.14513065691517,2400227
2021-07-27,196.75021362304688,197.5792116864033,193.43419325941585,195.82909841704966,3142715
2021-07-28,196.65811157226562,196.93444896629188,195.73699629558052,196.75022872197562,2269540
2021-07-29,197.94766235351562,198.0397795009062,196.28966614131164,197.39500163448207,1960696
2021-07-30,196.47389221191406,197.85556513315802,195.6448800261054,197.30289034261892,2946856
2021-08-02,197.6713409423828,199.42145431898376,196.7502256799395,197.21078331116115,2256061
2021-08-03,197.39498901367188,198.1318839803719,196.38175667757156,197.85554661097157,2192210
2021-08-04,200.8031463623047,201.26370403744758,198.1319174685178,198.1319174685178,2364025
2021-08-05,201.26368713378906,204.1191501018934,200.8031294973273,200.8952466466611,2583911
2021-08-06,198.5003204345703,201.81634069032094,198.5003204345703,201.35578310230568,2413528
2021-08-09,199.1450958251953,199.60565340761025,197.39498263405937,198.31609779888925,2603564
2021-08-10,200.34255981445312,201.17155788819593,198.77666675565956,199.14510722063355,2273981
2021-08-11,201.17156982421875,202.0005820022518,200.06623430861168,200.80312933738426,2075513
2021-08-12,200.8031463623047,201.72426171259048,199.78991385494837,201.44792429648376,2089671
2021-08-13,200.8031463623047,201.81637886966098,200.52680894619797,200.8031463623047,2410044
2021-08-16,192.69729614257812,199.3293227410505,191.49984357706586,199.3293227410505,5581374
2021-08-17,196.5659942626953,196.5659942626953,190.67086211874656,192.05253503265052,5031563
2021-08-18,193.3420867919922,197.0265478194154,191.73013509249455,196.56599019098752,3397288
2021-08-19,190.57875061035156,191.13142541431412,186.52584889830655,190.30242726347439,4380054
2021-08-20,191.8682861328125,192.88150435195496,187.44693065763184,190.39449628938507,3742244
2021-08-23,192.328857421875,194.7237485194084,190.76296438596808,193.43419285574447,2507586
2021-08-24,190.57875061035156,193.61843392193737,189.10497455829162,192.78943577109766,1988369
2021-08-25,188.6444091796875,190.5787428041166,187.90751415628918,190.5787428041166,2094957
2021-08-26,189.01283264160156,189.2891700073773,186.98638205108318,187.9996143738935,2416960
2021-08-27,188.55230712890625,188.82864454169552,187.53908868881848,188.82864454169552,1869455
2021-08-30,190.39451599121094,191.68408575142868,187.99962481669752,188.64440266925487,2382751
2021-08-31,190.11819458007812,191.59198469981067,189.65763692454973,190.76298654190126,4780338
2021-09-01,191.77618408203125,192.42096191858582,190.76296578318914,191.4077436197437,2300992
2021-09-02,192.60520935058594,194.5395429922724,192.05253456433059,192.05253456433059,2734416
2021-09-03,189.65762329101562,193.61842165485874,189.65762329101562,192.605203318594,3102299
2021-09-06,191.8682861328125,192.23672656611856,189.841835639426,189.93393872020172,1676371
2021-09-07,188.73651123046875,191.77619440075387,187.5390726360534,191.68409130777763,2779757
2021-09-08,186.80218505859375,188.18385800421188,184.3151765675019,187.90752060406746,3937654
2021-09-09,186.80218505859375,188.18385800421188,184.49939681589683,185.23629186458066,2778245
2021-09-10,187.5390625,188.36806056749802,186.80216752050023,187.63116558799828,2527880
2021-09-13,184.68362426757812,187.81541077775458,184.22306660107543,187.5390874219366,2724152
2021-09-14,186.4337158203125,186.61795010929836,184.31516204800445,184.95993989414617,2808044
2021-09-15,185.09811401367188,187.07852031273612,183.87302899599774,186.43372836809428,2678546
2021-09-16,185.46656799316406,186.9403440140069,184.95995177611343,185.1441720218308,2133866
2021-09-17,182.23345947265625,187.1245797860697,181.86501895065078,186.52586042403453,4726824
2021-09-20,177.4989013671875,180.0964530528302,176.7251679500142,180.0964530528302,4303692
2021-09-21,178.45687866210938,179.59905260927522,177.13047041562956,177.4068078094968,2974294
2021-09-22,178.6963348388672,180.3359186423621,177.9041752665527,179.3042741965949,2513205
2021-09-23,182.1966094970703,182.36240350493526,180.05961525056154,180.42806980432377,3149886
2021-09-24,179.30429077148438,182.1965919786758,178.49370488625019,182.1965919786758,2737857
2021-09-27,179.19375610351562,181.44127958180755,178.08842060495826,181.16494219339233,2738226
2021-09-28,173.75918579101562,178.88058449705431,173.57496554610634,178.88058449705431,4223148
2021-09-29,174.03553771972656,176.20937052344314,173.53812755631836,174.09080239230417,3253131
2021-09-30,174.2197265625,176.4119852134414,173.37230227388372,175.6566640108103,2870189
2021-10-01,175.01190185546875,175.01190185546875,166.72186439915706,170.90372155398424,4049009
2021-10-04,172.00906372070312,175.03032056142095,171.73272633970146,175.01189432132668,2712196
2021-10-05,174.2197265625,174.31184370358753,171.32742542664144,172.009055727423,2622536
2021-10-06,170.86688232421875,173.42758164650226,169.41151851322752,173.42758164650226,3874241
2021-10-07,174.4407958984375,174.86450100700986,172.34065442915133,173.16965246251613,3424362
2021-10-08,172.87490844726562,174.88294705985336,172.21171837849667,174.55134499791703,2503569
2021-10-11,172.46961975097656,173.13282383723921,171.25374090779408,172.87489864360114,3016988
2021-10-12,175.41717529296875,175.5645570934515,170.4247327562072,170.64579140182926,2578494
2021-10-13,177.3699493408203,178.19896149444037,174.25657531486897,176.338304763981,3928275
2021-10-14,180.39120483398438,180.9070271184401,178.2726369755956,178.69635616931458,4099457
2021-10-15,181.40444946289062,182.52821125349766,180.2254230030905,181.6623606225279,3907518
2021-10-18,179.63587951660156,182.67556230617728,177.9410169678934,181.4412573299775,3145713
2021-10-19,182.04922485351562,183.11772196020664,180.07803870053237,180.07803870053237,3396002
2021-10-20,181.22019958496094,182.10446225768493,178.91741171105218,182.10446225768493,3690228
2021-10-21,181.1280975341797,181.58865514732142,179.72799845479997,180.5754227763684,2853942
2021-10-22,183.81777954101562,183.81777954101562,180.68599292971712,181.92028414257317,3015237
2021-10-25,183.32034301757812,184.094076378496,182.39922785788488,183.81773901956763,3032218
2021-10-26,185.05206298828125,186.7100733826699,183.1729939113771,183.76250715659256,3111780
2021-10-27,185.00601196289062,186.3416263248558,184.59149883753597,185.05205648339322,2498076
2021-10-28,184.77574157714844,185.05206493319704,183.615127261326,184.77574157714844,2832103
2021-10-29,182.2886962890625,185.09810051912734,180.63070013829895,184.68360148143645,4115934
2021-11-01,185.09811401367188,185.09811401367188,182.4729438801735,182.80454594552214,2410915
2021-11-02,186.24949645996094,186.6179509845578,183.85460529804473,185.14416099637629,2157876
2021-11-03,189.33523559570312,189.33523559570312,185.7889363895169,186.38766971340826,2205348
2021-11-04,192.328857421875,192.55913622289376,190.07212798291184,190.67084724351955,3134789
2021-11-05,193.57835388183594,194.36507531195707,191.44960483137427,192.7453663510241,1696763
2021-11-08,192.745361328125,193.6246290594554,191.77353315234257,193.57834883722938,2850742
2021-11-09,190.7091522216797,193.57834230727394,190.66287200101485,192.74535482626865,2625881
2021-11-10,191.77354431152344,192.60654599184065,190.66288952717565,190.7554499770137,2128678
2021-11-11,193.25442504882812,193.8097453746782,191.68099627480714,191.77354260107796,2613719
2021-11-12,202.64869689941406,205.42534042155103,197.6044639920798,199.91833359386058,8420128
2021-11-15,202.09339904785156,202.46361257603712,198.29864683161577,200.70507713304443,3921894
2021-11-16,201.21412658691406,203.66683722442937,200.33485882441448,202.23223502101348,4523529
2021-11-17,201.7694854736328,202.60247311318813,200.01094973557457,201.2141509654338,3107358
2021-11-18,200.05718994140625,202.8338338774299,199.73325662251497,201.7694593510507,2812708
2021-11-19,199.45556640625,201.5380491181482,197.88213784847485,200.2885538419134,3513500
2021-11-22,199.03909301757812,201.30668271092304,199.03909301757812,199.45558677794904,2923677
2021-11-23,195.75338745117188,198.29864426200274,194.9666660605461,198.29864426200274,4116491
2021-11-24,195.15179443359375,198.06726487968896,193.3006985001387,195.93850173166743,3746413
2021-11-25,197.6507568359375,198.62258495532026,195.66082037763178,196.21615476663342,2928003
2021-11-26,190.061279296875,193.53208414800318,189.87615840662195,191.81981477235016,7083997
2021-11-29,196.0773468017578,196.91033434141454,191.40332664031575,191.40332664031575,4686525
2021-11-30,194.31878662109375,197.60448462321764,192.23630376206685,194.6890142696763,9783982
2021-12-01,197.32681274414062,198.02097368070966,193.30068778568452,196.07733153196062,3185104
2021-12-02,196.91033935546875,197.92844781674418,193.94858854458823,194.64274955289187,3268179
2021-12-03,195.19805908203125,199.22419835644968,194.73528510210917,198.62259783164743,3273527
2021-12-06,197.37310791015625,197.8821621267354,194.45763740489414,196.6326666971994,2837069
2021-12-07,204.03707885742188,204.17591954813437,199.0854049223651,199.3630580583032,3933649
2021-12-08,202.13966369628906,206.62857683771648,202.0008371549009,204.0370397907916,3926284
2021-12-09,203.43545532226562,205.28655134135315,202.83384064241707,203.57428187460044,3166708
2021-12-10,202.4173583984375,203.8519607195367,202.04714482261826,202.7875860969994,2421246
2021-12-13,201.7694854736328,205.56423832659198,201.4918182195333,203.11152739191337,2582259
2021-12-14,199.1779327392578,203.9445135556243,198.99282595826367,202.6950180691151,2729591
2021-12-15,202.09339904785156,202.1396651468191,199.7795291898397,200.10346249631687,3499399
2021-12-16,201.16787719726562,205.65677683039993,201.16787719726562,205.0551762383822,3750015
2021-12-17,200.5662384033203,201.5843467997663,198.11354197925635,200.2423050937173,4523604
2021-12-20,197.83587646484375,199.82579892989662,195.29061957465277,197.14171549479167,2510638
2021-12-21,199.1316375732422,201.16785437963463,198.391210504817,199.54814545265768,2655547
2021-12-22,199.82582092285156,200.2423288489168,197.88217846643187,200.19604862127147,1874654
2021-12-23,204.73121643066406,204.73121643066406,200.4737040698879,200.84391762378434,2259655
2021-12-27,208.57225036621094,209.35895770356888,204.453550410413,204.7312176388448,2254792
2021-12-28,210.60842895507812,211.07120290834231,208.61849248239798,208.89615967890452,1987598
2021-12-29,210.42332458496094,210.88609854347393,208.89616204822374,210.60843134381807,1588626
2021-12-30,210.79354858398438,211.7190965470315,210.33077460246082,210.7472683612838,2024865
2022-01-03,213.47763061523438,214.21807180532113,210.83982741164795,210.93237373369564,2576064
2022-01-04,215.46755981445312,216.48565405854458,213.84785094532796,214.6808384289247,2393464
2022-01-05,211.02493286132812,215.88405960484553,211.02493286132812,215.65267261705898,1873142
2022-01-07,208.66476440429688,209.59031227401897,206.5822816974222,207.3227228177478,3213989
2022-01-10,202.50990295410156,209.59033942562232,201.5380747404489,208.66479143599915,4240729
2022-01-11,202.2785186767578,203.99077400694065,200.33486222331592,202.69501245314058,3941527
2022-01-12,203.15777587890625,203.99076338831105,201.02901276041052,203.3428826451361,2867838
2022-01-13,200.61251831054688,203.94449658210215,199.316756828687,203.1577751749252,2991926
2022-01-14,193.11558532714844,198.99282079986918,192.88419832621835,198.99282079986918,4498520
2022-01-17,194.6890106201172,194.9666636979234,191.21820592013464,193.43951527902726,2604992
2022-01-18,188.25645446777344,194.04112937303614,187.9325211467236,193.9948632719872,4428238
2022-01-19,190.0150146484375,192.6528180778515,185.2947140149186,186.03515526839598,4504618
2022-01-20,192.5139617919922,193.0230159578171,187.9325025450481,190.52403947064215,4016601
2022-01-21,188.5803985595703,192.60653787116559,187.37718337611437,190.75544193438455,5077013
2022-01-24,179.81546020507812,187.3309052742267,177.779257476112,186.96069173177517,6474171
2022-01-25,182.14784240722656,184.60980338453976,180.7965361637961,181.40740121039101,5524922
2022-01-26,185.3409881591797,186.5442033912533,182.07380482856504,183.72127914904954,3842255
2022-01-27,183.64723205566406,184.90597789776623,181.44442330129988,182.14784881828564,4505339
2022-01-28,182.8512420654297,184.14701760758516,180.20417448913267,183.64721382956768,3489529
2022-01-31,185.4335479736328,188.0250710827701,185.2484270749158,186.40536207818843,4217037
2022-02-01,187.2383575439453,189.6447737972923,186.54419656500536,187.05325077410959,3681170
2022-02-02,190.47776794433594,190.94054191207107,188.2564444255628,188.99688559848715,4112500
2022-02-03,185.5260772705078,190.75543147893413,185.5260772705078,190.75543147893413,4119339
2022-02-04,183.53616333007812,186.86812751311479,183.16593567235776,186.0351399980409,3984094
2022-02-07,184.36915588378906,185.2947038692727,182.09231574823457,184.68383880939552,2999409
2022-02-08,183.85084533691406,184.46171037707268,181.7961277456467,184.36914993241555,3050336
2022-02-09,189.08944702148438,189.96871474019167,185.4798015807912,185.5260818023528,3171719
2022-02-10,187.70114135742188,189.55223739817998,186.03515209619115,189.50595717261263,2847732
2022-02-11,186.40538024902344,187.74743628183697,184.9800424000557,185.38728582054452,2761733
2022-02-14,180.44485473632812,181.22231171186147,176.4649952814658,180.48187044446388,6712963
2022-02-15,185.61863708496094,186.31279802086374,178.94543040714277,179.1305371655021,3646650
2022-02-16,185.4798126220703,186.77558828922642,184.20256599193075,186.22025384291072,3526431
2022-02-17,181.90716552734375,186.82183640106115,181.33333038813024,185.47978074027208,3697595
2022-02-18,179.79696655273438,182.38850402457723,178.51971979431892,181.87019935475726,3836928
2022-02-21,174.5953826904297,181.1482645455055,173.22557553783244,179.79695818543863,4296817
2022-02-22,179.05650329589844,180.27821918244723,168.4497181272846,169.80102427791576,5309841
2022-02-23,175.90963745117188,182.40698787912595,175.7430456025595,179.55629855780919,3699782
2022-02-24,173.5587615966797,174.92856865612725,164.76605576475794,165.32137608049763,8044243
2022-02-25,177.63116455078125,177.92734667983547,171.9853304124126,174.92856617549722,5328594
2022-02-28,179.64886474609375,180.333761198172,173.18852981472665,173.74386424001165,6783848
2022-03-01,175.76156616210938,180.13015401625154,175.76156616210938,179.57483366900837,3326296
2022-03-02,178.2420196533203,179.14905265813576,172.65170232268363,174.20663016796487,4231502
2022-03-03,172.24447631835938,177.66818778129092,172.0593554332036,177.66818778129092,4447374
2022-03-04,168.3756866455078,172.0963934754677,167.22800206735712,170.72658642091076,4834198
2022-03-07,168.153564453125,171.17086016174,160.76769490225465,161.67472804502125,7530832
2022-03-08,169.0050506591797,173.54022967902895,166.9133033855615,167.5241683834893,5280527
2022-03-09,175.74302673339844,176.3723924797923,170.44889200833612,173.26255120159303,4428372
2022-03-10,174.7249298095703,178.1679690954152,173.02192507884317,177.4275279577434,4958290
2022-03-11,177.29795837402344,180.98163516366304,175.7615454280201,176.0206977173772,4339090
2022-03-14,181.66656494140625,183.94341929345646,176.79818742148373,179.4267404190354,4267558
2022-03-15,180.72250366210938,182.07381000297033,177.8533132362693,180.94464027399866,3230814
2022-03-16,188.81178283691406,189.22827659215318,185.1095910165824,186.03513897166533,5516984
2022-03-17,190.66287231445312,191.86608744001478,187.9787889843653,190.66287231445312,5420477
2022-03-18,193.6246337890625,193.6246337890625,190.47777631919976,191.7735378367335,6320174
2022-03-21,192.9767303466797,193.67089124720732,190.94052786301324,193.02301056459612,2621907
2022-03-22,193.6246337890625,194.64274221193995,191.81981806009,193.43952701837785,2638376
2022-03-23,191.31076049804688,195.19805910530755,189.8298922357643,194.4113518129909,2219217
2022-03-24,187.97877502441406,191.72723253946737,187.42344066224496,191.3107388292103,2465381
2022-03-25,187.6085662841797,190.3389299069465,186.63673811397703,187.9787939371212,2481278
2022-03-28,190.5240478515625,191.12564835953012,188.11761757421064,188.44156500018747,2305675
2022-03-29,194.41134643554688,196.30872252552015,191.7735291735425,193.43951827992734,3107040
2022-03-30,192.9767303466797,195.105493266179,189.7373128108841,194.55015889666103,2749943
2022-03-31,190.80172729492188,194.59647999747747,190.38523349165177,193.5321053754825,3003781
2022-04-01,193.7634735107422,193.99486050365078,188.58039922049346,190.01500140107493,2906880
2022-04-04,195.19805908203125,196.07734094207606,192.14376211273847,194.596458557229,2738671
2022-04-05,194.6427459716797,197.04916228254515,193.71719797763723,195.1980662944602,2837239
2022-04-06,192.56027221679688,194.50391462382308,190.06129533762473,193.90231404795023,3897493
2022-04-07,193.7634735107422,195.79967622378945,191.81981712121362,192.83792553910786,2811276
2022-04-08,194.36508178710938,195.8922303520542,192.7453727722168,195.8922303520542,2843315
2022-04-11,191.86610412597656,195.0129616916645,190.94055612162813,194.36508091316895,3409129
2022-04-12,191.03309631347656,192.42141827541386,187.79367840228952,190.01500201503399,2815953
2022-04-13,192.65280151367188,192.65280151367188,189.64477065477686,191.0330925896515,2575875
2022-04-14,192.8379364013672,192.8379364013672,190.84799967661863,192.65281549841976,1183947
2022-04-19,192.745361328125,194.0874030362336,191.31075917556436,194.0874030362336,2864056
2022-04-20,193.57835388183594,196.30873171417318,192.37515280905023,193.02303356887518,2554063
2022-04-21,190.0150146484375,195.33691585636424,188.7192389241665,193.80975312305296,3835054
2022-04-22,183.25848388671875,189.18198478749645,183.25848388671875,187.7936629398698,3512784
2022-04-25,176.53903198242188,180.9816511189119,175.89113707917042,180.44484570273377,4056302
2022-04-26,173.87344360351562,179.22310978319882,173.87344360351562,178.55671410963527,3642188
2022-04-27,174.87303161621094,176.66859689560047,171.87425117945043,173.87343813729078,3156112
2022-04-28,174.1696014404297,178.00138340100312,173.13299228553478,176.59454660311678,3452424
2022-04-29,176.90921020507812,179.68585367222244,174.31767347786231,175.9836623826967,4018646
2022-05-02,172.2629852294922,175.78007037214343,168.44973207756306,175.78007037214343,3618868
2022-05-03,169.28273010253906,173.81792395170663,169.20869868768656,173.3551499337962,3615499
2022-05-04,167.62660217285156,170.1296187731348,166.1963049215109,169.37682999041593,3848414
2022-05-05,166.04576110839844,171.52227122616196,165.61290288549864,171.239973633684,3345991
2022-05-06,162.6017608642578,166.06456918880613,161.11500695591852,164.67191926334667,4979956
2022-05-09,158.51788330078125,162.18770849796724,157.934464515863,161.84895429836158,5138280
2022-05-10,159.6282501220703,163.07224907352597,159.12012595528665,160.09874131134288,4809237
2022-05-11,162.86521911621094,162.90285209079084,158.31086820476565,160.77623724988885,5588106
2022-05-12,161.54783630371094,162.33827235743271,158.23558890604582,160.00462588758836,4836354
2022-05-13,165.53759765625,165.78224787517573,161.66075533500506,162.78993117671962,3368288
2022-05-16,164.6719207763672,166.29041166065792,163.20399052276676,165.61290318080358,3290359
2022-05-17,167.28785705566406,169.50857618867457,165.23652222816625,166.47861158283177,3319141
2022-05-18,164.25790405273438,169.20748122667115,164.25790405273438,167.96537742601288,3272494
2022-05-19,162.84642028808594,163.61803278804464,160.47514049685628,162.37592906369727,3474454
2022-05-20,164.54017639160156,166.94908894097136,162.73349197957424,163.74975465351173,4536590
2022-05-23,166.47860717773438,168.05946510159515,164.72837931109507,166.7232574367208,3362244
2022-05-24,166.0269317626953,167.57014227611867,165.01066907947725,165.61289722231928,2682958
2022-05-25,164.1073455810547,168.62406454420147,164.1073455810547,167.83364267417056,1821651
2022-05-27,171.9551239013672,172.59498502263853,167.45722930995478,168.3229313695727,3424567
2022-05-30,175.30502319335938,176.37774255014443,172.7643735965792,173.14076081156446,2622560
2022-05-31,172.21859741210938,175.73786228733135,171.99275647429374,175.04154452267323,10201654
2022-06-01,170.3178253173828,174.40168574917806,170.3178253173828,173.1407726983339,3730793
2022-06-02,173.14076232910156,173.27249929132626,169.84732391523278,170.618936378443,3023144
2022-06-03,172.6138153076172,175.3426585488882,172.6138153076172,174.90981468161178,3042846
2022-06-07,175.1732635498047,175.96368521387632,172.91489747756427,173.06545808736365,3081398
2022-06-08,174.1005401611328,175.7943110851743,172.55732984328384,175.4367332350295,2952282
2022-06-09,169.1886444091797,173.00903079173898,168.92517047646888,172.91492680509123,4113128
2022-06-10,165.83876037597656,169.13219911420012,165.1424281594952,168.6428841956388,3309285
2022-06-13,163.95677185058594,164.82247390024892,161.99952681551036,164.6719132764159,3511857
2022-06-14,160.79507446289062,166.10221453730196,160.79507446289062,164.76602127426153,5499677
2022-06-15,165.10476684570312,165.78226091743113,160.62568174103652,162.82757695934268,4147786
2022-06-16,158.49905395507812,164.97301648966925,157.2945978125844,164.97301648966925,5065442
2022-06-17,157.36988830566406,161.83013531148003,157.10641440482476,159.1201159945256,6292605
2022-06-20,157.1628875732422,159.4965199510352,155.5443966646069,158.17915030830986,2572551
2022-06-21,157.25697326660156,160.21165741273762,157.1816929520071,158.36733995905496,3545603
2022-06-22,157.29461669921875,157.93447782001346,153.02254869108353,156.20307370206731,3190854
2022-06-23,155.82669067382812,156.6735690877585,153.96353518997827,156.6735690877585,2457999
2022-06-27,162.18772888183594,162.41356982937367,159.0448510760929,159.49651861291625,3284129
2022-06-28,160.418701171875,163.80624409661658,159.9670335679942,162.84643787489742,2323089
2022-06-29,159.4965362548828,160.88918635644333,157.53929090115398,159.02604499749378,3007403
2022-06-30,158.25437927246094,158.6684137371749,156.3724148752149,158.32965957134064,4248019
2022-07-01,159.74114990234375,161.2843602983068,156.35362224104088,157.5769021013379,2266611
2022-07-04,161.34085083007812,162.6393967962414,160.5692383595553,161.22792317692105,2107604
2022-07-05,160.06109619140625,164.01321900983282,159.6282380124819,162.78993913887328,3362200
2022-07-06,164.89776611328125,165.25532967287685,161.62313692070472,161.96189116965223,3001029
2022-07-07,167.83360290527344,167.87123587948696,165.330586551689,166.79851663627224,3530698
2022-07-08,169.32037353515625,169.60267112377534,166.12102479455973,167.8336196361308,2560556
2022-07-11,167.47604370117188,168.3982167920465,166.7985352238261,167.4948673695015,2078659
2022-07-12,170.4119110107422,170.4119110107422,165.38705429986192,166.55387759435214,2883577
2022-07-13,167.17491149902344,170.05431491285012,165.87635138759188,170.05431491285012,3091214
2022-07-14,166.629150390625,167.7206933241501,164.10731031517912,167.17492185738755,3644357
2022-07-15,163.18515014648438,166.72323845594357,160.7762377350866,166.6291488400846,3719637
2022-07-18,165.66937255859375,166.2904244392269,163.46747700898868,164.61547677927913,3590559
2022-07-19,166.55389404296875,166.64799803149185,162.6017706152946,165.59408792139342,4038961
2022-07-20,165.68817138671875,169.18862682404915,164.54017178854852,168.24764448838508,3095959
2022-07-21,171.22117614746094,171.39054609969256,165.25533638972198,166.08340555597346,4118196
2022-07-22,172.25621032714844,174.26991179049114,169.6402807913551,171.71043889301353,2960236
2022-07-25,171.72926330566406,172.80198251307903,170.84473767953682,172.1809307724046,2658902
2022-07-26,168.64283752441406,172.19974922867425,168.26645037322493,171.72925811056314,2185834
2022-07-27,169.0192413330078,170.26134489919434,168.47346985922138,169.0192413330078,2130899
2022-07-28,171.50344848632812,171.50344848632812,168.45467467416555,170.20490252710232,2733351
2022-07-29,177.65745544433594,178.2596835227947,171.93628151985266,172.85844012412548,3123170
2022-08-01,175.45559692382812,178.7302118851196,173.8371059336863,177.8456860697801,2166681
2022-08-02,171.91746520996094,174.1381840364672,171.6163583369731,173.46067562443136,2059991
2022-08-03,173.93116760253906,174.81569327567396,171.67281579056748,171.72927243212916,2122185
2022-08-04,173.9876251220703,176.07660701989815,173.79943152983148,174.25109902285485,2088063
2022-08-05,170.7506561279297,174.85333956996007,170.61891917898492,173.98762321032243,1904784
2022-08-08,174.7216033935547,174.87216402203018,171.9551272261395,172.31269077095402,2050995
2022-08-09,169.84732055664062,175.00390000807747,169.60267030541885,174.72160242082052,3317232
2022-08-10,173.59242248535156,173.9123674013733,168.54875644012847,169.37682551506478,2897573
2022-08-11,172.802001953125,174.7215996714125,172.21859747802566,174.04410557420923,1953718
2022-08-12,172.6514434814453,174.66514520520636,172.57616316787227,173.17839131820497,1700925
2022-08-15,174.26992797851562,175.66257783324983,172.5197002368999,172.74554116939103,2333484
2022-08-16,175.64376831054688,176.41536636868008,174.02527752529053,174.9098032286575,2295332
2022-08-17,173.4983367919922,176.34009325758714,172.7079006760883,175.77551244137203,2852008
2022-08-18,175.43673706054688,175.43673706054688,172.7267035229864,172.95254443719978,1505257
2022-08-19,172.5196990966797,174.98508259576423,172.50088978778479,174.08173323002123,2666338
2022-08-22,169.67796325683594,172.48208695373526,169.470945967979,172.1997893454528,2293594
2022-08-23,166.25274658203125,170.28016405282096,165.6128855072589,169.47091869703502,2302376
2022-08-24,166.6479949951172,168.09710162750187,164.3143482181889,165.2741543222763,2952993
2022-08-25,168.51112365722656,168.8875108599484,166.1022111000033,167.49486097997587,2244345
2022-08-26,163.9379425048828,170.07315131019232,163.78738188626457,169.37681921777116,2386834
2022-08-29,163.22280883789062,164.42726512740606,161.02089917145474,162.2441791287521,2511222
2022-08-30,163.1287078857422,166.45977923240764,162.48883239354123,163.56156610325328,1993964
2022-08-31,158.74371337890625,164.0508530514828,158.55551978790012,163.90029243537762,5243126
2022-09-01,156.12777709960938,158.55551308828348,156.12777709960938,157.7086347854146,2977006
2022-09-02,161.09619140625,161.13383874459993,157.01233104869038,158.085050459622,2354079
2022-09-05,160.15518188476562,160.15518188476562,156.2030591631316,157.0311281677931,2227890
2022-09-06,159.8917236328125,161.73605540770177,158.51789740425102,160.15519754947502,2185038
2022-09-07,158.85665893554688,159.40241610353854,156.65474916187256,157.8780291787467,2342843
2022-09-08,160.6256866455078,161.11500149504448,156.93703750202312,159.66588061402285,1972558
2022-09-09,163.091064453125,164.16378373582086,160.70096129246434,160.7197849593891,2042205
2022-09-12,166.1398468017578,166.53505767857285,163.41100364164137,163.86267116396544,2391673
2022-09-13,163.07223510742188,167.89005987831638,163.07223510742188,167.23137514139728,2709292
2022-09-14,161.07737731933594,162.9405330056741,160.62570974003583,161.88662284296925,2367184
2022-09-15,162.28184509277344,163.65567147527415,161.47259958427526,161.47259958427526,2069855
2022-09-16,159.81643676757812,161.90541870565235,159.5529628617175,160.60685848516,4615154
2022-09-19,159.36477661132812,160.17402203327168,156.74884674095864,159.55297021586696,2571845
2022-09-20,155.356201171875,160.60687036878426,155.356201171875,159.9481855553953,2576496
2022-09-21,157.03114318847656,157.50163437553863,153.92589848221658,155.26209173048267,2275042
2022-09-22,152.47677612304688,156.33480956325423,152.4579668136859,154.97979266019112,3205294
2022-09-23,151.15939331054688,153.75649924169048,149.52207896976603,152.92844459656868,4354584
2022-09-26,150.06787109375,153.15429225744322,149.7667641881042,150.4819056524836,3676549
2022-09-27,151.59226989746094,153.04137647118583,150.2937095949821,151.4605329362132,3069207
2022-09-28,154.28347778320312,154.97979555711137,148.86341006963747,150.55718123012673,3650032
2022-09-29,149.59738159179688,154.39639769251224,148.86341645049956,154.33994104445125,3613819
2022-09-30,153.92588806152344,154.39637921673352,149.72910063941916,150.55716966722912,4029776
2022-10-03,155.78904724121094,155.78904724121094,150.08669607028114,153.15429359215116,3694335
2022-10-04,160.8327178955078,161.26557613815953,157.40754236750155,159.02603332276027,3559439
2022-10-05,159.04486083984375,161.397317011,157.9909507115537,160.60688082521924,2874996
2022-10-06,159.47767639160156,161.24672771254802,158.70607837088585,160.437482359163,2456916
2022-10-07,154.01998901367188,159.440056709896,153.9258993906551,159.38360006443563,2509702
2022-10-10,151.53579711914062,154.00118073399585,151.3099705357887,152.58970715503932,2671309
2022-10-11,151.8557586669922,152.53326720772142,150.10553066315052,150.55719823755223,2880699
2022-10-12,151.59226989746094,153.54950064792646,150.9712180694709,152.439148311446,2288592
2022-10-13,154.490478515625,155.26209095049117,149.1645292171096,151.14058357789222,3518037
2022-10-14,154.490478515625,157.27579264667054,154.18937162370875,156.82412512967042,2651819
2022-10-17,159.74114990234375,160.56921892006798,153.4553950372565,154.88569215198459,3608278
2022-10-18,163.6556396484375,164.89774317454146,160.62567549830555,160.90797305953376,4324857
2022-10-19,161.09619140625,165.25533208225687,161.09619140625,164.7660315497285,5030438
2022-10-20,161.02088928222656,162.37590611427487,158.17913302650098,159.9669936831893,3158661
2022-10-21,160.9644317626953,161.0773450453333,158.10385185594555,159.77879922024485,3435674
2022-10-24,165.61288452148438,165.61288452148438,161.09616661743019,162.5452873976134,3243132
2022-10-25,170.54364013671875,171.33406183625232,165.33059006497209,166.59150292254955,3620742
2022-10-26,170.29896545410156,170.90119352638237,167.814772861162,170.731823611483,2534596
2022-10-27,169.508544921875,171.18349220767288,168.60519562835762,169.37680797888808,2185586
2022-10-28,170.84475708007812,171.1458783309327,167.344301509277,168.1159139459032,1960161
2022-10-31,169.71559143066406,171.44699565365474,169.09453958168294,171.25880203954748,2679193
2022-11-01,169.6026611328125,172.68908204119526,168.98160934608583,170.58127644302493,3172680
2022-11-02,168.98159790039062,170.61891222042797,167.90887868609028,169.8661235321953,2310576
2022-11-03,167.64540100097656,168.69929652567657,166.59149111802688,167.49484039509093,3063955
2022-11-04,171.0899200439453,171.0899200439453,167.56970599156347,168.59170501702567,1649155
2022-11-07,171.14669799804688,172.39579831110407,169.68941189293056,170.33288474889693,1999335
2022-11-08,174.4208984375,175.19685192643564,170.40860710660422,171.14671519286208,2806520
2022-11-09,174.2694549560547,174.38300558188993,172.4714882243178,173.9287886392527,2456779
2022-11-10,183.14569091796875,183.41066645920566,171.29810324752626,173.17176087961397,4081162
2022-11-11,182.78610229492188,185.47357305125377,180.51498865520614,184.52727931119634,3901220
2022-11-14,181.82089233398438,183.73240987590177,180.6285673298386,182.91859662057436,2261620
2022-11-15,181.4613037109375,183.8648981790319,179.87153697175862,182.44545740220866,2769777
2022-11-16,179.17127990722656,182.63471897603804,178.60351224238286,181.32882880008975,2091480
2022-11-17,179.3605194091797,182.0669202383115,178.16819442656958,179.379449328068,2129863
2022-11-18,181.1963348388672,182.80503142927788,179.37945245494834,179.7958240419647,2680939
2022-11-21,180.49609375,181.59378363971805,179.1144983787487,180.9313808340352,1842319
2022-11-22,181.7641143798828,182.48329246792818,179.90937218325348,180.49608415650118,2025741
2022-11-23,182.7293243408203,183.33495174813538,181.68839546607737,182.4454333350453,2424392
2022-11-24,183.18356323242188,185.39788735201623,182.50223051265468,182.95644751273346,1897641
2022-11-25,184.75442504882812,185.03830166556764,183.2403490428223,183.67565058732112,2046348
2022-11-28,182.899658203125,184.47050932239904,182.31296068792744,184.47050932239904,2211072
2022-11-29,181.13955688476562,184.14877866758954,181.06385164829172,183.2971055867311,2161822
2022-11-30,182.6347198486328,185.37896634006893,181.70735588411492,182.6347198486328,6997577
2022-12-01,183.5052947998047,187.6311364091515,182.3886750294074,185.47358766694515,4243629
2022-12-02,182.82395935058594,184.28125988921784,181.17741737902983,183.27817633177753,2411952
2022-12-05,184.81118774414062,185.22755933930674,181.95337633674413,183.10785596359642,2542083
2022-12-06,182.25619506835938,185.28433239719996,182.0669247533774,184.39481389825667,3370401
2022-12-07,181.04495239257812,182.18050216285164,180.060798669522,182.08586699895437,2319216
2022-12-08,180.1932830810547,182.14264620883202,179.19021385525076,180.3446935708022,2768205
2022-12-09,183.4863739013672,183.95952083194246,181.08279384733615,181.2152744103253,2809660
2022-12-12,183.54315185546875,183.58099725418901,181.85873560681785,182.01014608029394,2530904
2022-12-13,186.59019470214844,190.0157878960173,182.93751468871648,184.16768501233193,3952316
2022-12-14,187.44186401367188,188.86130461050868,184.73546336479785,186.59019099199193,2826842
2022-12-15,182.4644012451172,185.81427538073976,182.40761148070038,185.54931423732552,3688777
2022-12-16,179.05772399902344,183.9784491461927,179.05772399902344,181.896605557694,4475312
2022-12-19,178.77383422851562,180.53394138499868,177.827540368886,179.66335276685524,2532101
2022-12-20,177.82752990722656,178.67920299436804,176.63520491238557,177.29760768729724,2402600
2022-12-21,180.55287170410156,180.55287170410156,178.26284229145412,178.7738346234918,2806549
2022-12-22,178.2060546875,181.83981940062367,177.82752850532208,180.85566576625845,1779418
2022-12-23,179.26593017578125,180.49611521221146,178.0546750615638,178.20608556066597,1690342
2022-12-27,180.68536376953125,181.8019836665816,180.00403099057533,180.40147270508305,1634233
2022-12-28,179.587646484375,181.19634314856077,179.0766541564283,180.68535082061408,1707065
2022-12-29,181.59378051757812,181.61271043721453,178.3953171853297,179.58764221505922,1752810
2022-12-30,178.43316650390625,181.25311814114403,178.18713530042183,181.25311814114403,2855446
2023-01-02,180.2689666748047,180.2689666748047,178.03571275679954,179.7958197806451,1790984
2023-01-03,182.08584594726562,184.03520880806613,179.795816750839,180.26896363702542,2231197
2023-01-04,184.39480590820312,184.640837092002,182.52114827331116,182.82395477342536,2045968
2023-01-05,183.65670776367188,184.8111873883013,183.58100252476035,184.39481579393686,971154
2023-01-09,188.2178497314453,188.2557095732108,184.7165652116806,184.7165652116806,4110848
2023-01-10,186.8173370361328,187.40403462423254,185.28434556307283,187.34725930142272,2488937
2023-01-11,193.3751220703125,194.6052923206031,188.06641387144057,188.4259956563012,4206091
2023-01-12,195.78819274902344,196.78180418425373,192.71273772144775,193.0439463462906,3888026
2023-01-13,195.0784912109375,196.92377595725472,193.8010030472945,195.50433503811823,2528402
2023-01-16,196.16671752929688,197.01837621656503,194.13217709302577,195.83550890686027,1602869
2023-01-17,194.55799865722656,196.30863341208632,194.13215492292608,195.59891310731427,2151218
2023-01-18,193.61170959472656,195.6462354085037,192.47614552822154,194.93651508658652,2645768
2023-01-19,190.15774536132812,192.76005343639787,189.77923359885543,192.5234799750279,3303935
2023-01-20,191.48255920410156,193.42244997303987,189.58997157446595,192.09764440801405,3510748
2023-01-23,194.9838409423828,195.0311585203793,191.81375092748567,193.04393575890683,2387178
2023-01-24,193.28050231933594,195.36234572328823,192.94929372446526,195.26772500996591,2264327
2023-01-25,191.86106872558594,193.0439359803676,190.6308838927535,193.0439359803676,2091951
2023-01-26,193.1858673095703,194.9365165592435,192.00300009743898,192.4761469822915,3666833
2023-01-27,193.04393005371094,194.4160531392725,192.192271432134,193.80096796138884,2333211
2023-01-30,191.95571899414062,193.13858634204806,191.2933017278735,192.80737770891452,1935761
2023-01-31,191.48255920410156,192.61810889402338,190.48894781068333,191.95570611151047,2610442
2023-02-01,191.24598693847656,193.04393942208074,190.5835697125508,191.62449869103605,2645576
2023-02-02,199.7626190185547,199.7626190185547,192.47614549663,192.9492923778305,5664509
2023-02-03,198.91094970703125,199.00558486076864,195.977447652036,198.34318210249856,2594966
2023-02-06,195.2204132080078,197.77540357203588,194.3687401271335,197.77540357203588,2548269
2023-02-07,193.990234375,195.4569926934998,193.28051400533536,195.22041923694493,2594298
2023-02-08,194.03753662109375,195.97744169940972,194.03753662109375,195.50429482368858,3107579
2023-02-09,193.65902709960938,195.83550580282815,193.18588018322694,194.65263851187208,2460843
2023-02-10,191.48255920410156,192.94930306563097,189.92116574607354,192.94930306563097,2352675
2023-02-13,193.61170959472656,193.75364788339124,192.0976337989178,192.23957208758247,2206902
2023-02-14,192.90200805664062,194.84189890734024,191.95571420193903,193.99024021382814,2874891
2023-02-15,194.17950439453125,194.17950439453125,191.3879402917329,192.71274596920702,2475378
2023-02-16,193.990234375,196.3559689405488,192.00301156421986,194.93652820121952,3352561
2023-02-17,192.76004028320312,193.80096921792136,191.24597889732783,192.99661372843025,2650495
2023-02-20,191.95571899414062,193.8956098932699,191.6718279427831,193.8956098932699,1434428
2023-02-21,189.96849060058594,192.14496934588692,189.68459955740784,191.29329621635267,1890367
2023-02-22,189.63726806640625,190.06311181958532,187.21475829567663,189.54264735181985,2712743
2023-02-23,190.91476440429688,192.05031401847052,189.8265323655673,189.8265323655673,2210787
2023-02-24,189.54266357421875,192.71273935047645,188.40711382691302,191.52987202217915,2534644
2023-02-27,192.09762573242188,192.80734602453674,189.9684648560773,189.9684648560773,1392629
2023-02-28,191.71913146972656,192.6654252786802,190.5835673475441,191.62449631311216,2967120
2023-03-01,190.4889373779297,193.70633039638003,190.1104112091552,192.23957217588472,2344426
2023-03-02,191.4352264404297,191.62448230052152,189.10733748734026,189.73189482101017,1504959
2023-03-03,194.55799865722656,194.74725451730646,192.14494673314232,192.14494673314232,1934497
2023-03-06,195.40965270996094,197.01834914223213,195.12576170678457,195.31501756247008,1970775
2023-03-07,193.2332000732422,196.73448440847795,192.8546883113295,195.12578776140185,2183187
2023-03-08,192.76004028320312,193.61171334959909,192.239575815844,192.42884612346347,3019438
2023-03-09,193.61170959472656,194.13215961269495,191.00940174769687,192.61809825618312,2319953
2023-03-10,189.5899658203125,191.1040272144898,188.2178282790336,190.20505100555684,3615124
2023-03-13,186.64700317382812,190.39431871377784,183.77026179920793,189.8265510703936,4679370
2023-03-14,190.4889373779297,190.86744910740728,185.56821269823635,185.9656543459769,3967532
2023-03-15,182.97537231445312,190.67820337702506,182.97537231445312,190.58356821997742,4279958
2023-03-16,186.7983856201172,187.3472377429523,182.4643728323069,185.53035542561727,4226647
2023-03-17,181.06385803222656,187.97180588158352,180.42038515845695,187.08228737077425,7937215
2023-03-20,184.14877319335938,184.96258641213973,177.58149212727315,178.45208066189682,3237377
2023-03-21,188.1421356201172,188.55849275286835,185.37894508548712,186.11705307619192,3067296
2023-03-22,188.06643676757812,189.1262812129069,187.38510407006746,188.44494851539622,2032366
2023-03-23,187.30941772460938,188.00966597262942,185.0004582878643,188.00966597262942,2141142
2023-03-24,185.9845733642578,190.8674527396441,185.11398481845438,189.353391353624,3196555
2023-03-27,189.23983764648438,190.53627002303585,187.76362156975537,187.933961969,2784494
2023-03-28,188.00962829589844,190.7728186492585,187.2147450410231,189.68457221383275,3048475
2023-03-29,190.5835723876953,190.67820754681244,189.35340195496073,190.1104254707057,2662076
2023-03-30,193.65902709960938,193.8956005578006,191.43524525619077,191.62450113488413,2717296
2023-03-31,194.9838409423828,195.7408788724341,193.13857091489982,193.65902095496867,2866728
2023-04-03,194.9365234375,195.646243789821,193.99022963440532,195.26773204430214,2386143
2023-04-04,196.97105407714844,197.5861537275365,195.55161333835767,195.64624849666285,2482928
2023-04-05,196.82911682128906,197.1603254378133,195.59893195329641,196.97105512020062,2508815
2023-04-06,198.34317016601562,198.34317016601562,196.82909443311925,197.63344987358852,1392420
2023-04-11,200.0465087890625,200.4250349825651,199.10021496425276,199.1475325433528,2760185
2023-04-12,199.2894744873047,202.45954996515005,198.91094831430271,200.61427999456885,3317173
2023-04-13,199.5733642578125,200.5196580939127,197.91735004463715,200.23578149452106,2646477
2023-04-14,200.23577880859375,201.22937577173258,199.95188777371214,199.99920535274205,2490949
2023-04-17,197.8227081298828,200.9927834775978,197.34956126252567,200.9927834775978,2714894
2023-04-18,198.91094970703125,199.57335246530133,197.39688832231354,198.24854694876117,1883714
2023-04-19,198.1066131591797,199.19484525540233,197.53883110244766,198.8636366490924,2325928
2023-04-20,197.7280731201172,198.7216844301271,197.018352818581,198.1065992778477,2343419
2023-04-21,198.5797576904297,199.14752530108922,196.97104669531774,197.7754021928737,3909974
2023-04-24,204.87261962890625,205.4404017176849,198.3905009457596,198.81634473199279,2826448
2023-04-25,207.049072265625,207.5222191334901,204.25750863308025,204.39944691772118,3673186
2023-04-26,206.81251525878906,208.18463839672614,205.48769525995857,208.18463839672614,3636568
2023-04-27,208.23196411132812,208.79973175647032,206.19742367483187,206.8598409197784,4559993
2023-04-28,207.9954071044922,210.0299332626476,206.57596622039324,208.94170102722484,3978401
2023-05-02,207.14370727539062,208.70510071071115,205.77158415171925,208.65778313279887,3429817
2023-05-03,208.042724609375,209.55678622159184,205.77161053210074,207.28568658361692,2957138
2023-05-04,208.61912536621094,209.09948256452995,205.7369821762969,206.88985117973317,2514870
2023-05-05,209.3396453857422,209.82000254785663,206.93785957516994,209.6278626148783,2462259
2023-05-08,209.96412658691406,209.96412658691406,208.0907365143097,209.4357307563493,2152672
2023-05-09,207.17803955078125,210.0121585538033,205.78500670314003,209.96411990540102,2743203
2023-05-10,206.7937774658203,209.5318194075004,204.9684259442593,208.23484908579118,2803674
2023-05-11,207.61038208007812,208.85929903877732,205.9291319256191,206.8898462995957,2885007
2023-05-12,206.69769287109375,209.051454828173,205.7369784916616,208.42698168593927,2302144
2023-05-15,207.22607421875,207.94660995293157,206.07321997592692,206.69767841514945,2637662
2023-05-16,206.649658203125,208.42697091764754,205.92912245577705,207.80251246701425,2116272
2023-05-17,205.30465698242188,206.21733269781015,204.82429979965562,205.9291301156207,1144742
2023-05-19,210.58859252929688,211.1650270302434,207.89858929044354,207.89858929044354,2093355
2023-05-22,210.30035400390625,211.16500566785407,209.7239342206112,210.58857122522218,2005826
2023-05-23,209.57981872558594,211.0689288227682,209.05143758794367,210.25233046319764,1868668
2023-05-24,206.265380859375,208.95538413877637,205.97716360455726,208.95538413877637,1684281
2023-05-25,204.87234497070312,207.03395236195323,204.87234497070312,206.55359516389765,2273492
2023-05-26,209.62786865234375,210.15626447775534,204.44001701582792,205.3526927182638,2219582
2023-05-29,210.3964385986328,211.06893569881578,209.77198014689236,210.01215872976752,1625604
2023-05-30,211.26109313964844,212.798242061162,210.1562774306058,210.39645603338363,1980331
2023-05-31,211.98162841796875,212.75020287680388,209.57984239619555,210.01217560758553,11598885
2023-06-01,213.0384063720703,214.81573377712814,212.1257306746099,213.0384063720703,2802559
2023-06-02,213.08645629882812,214.81574514620766,212.12574190132156,213.51877484583844,3100505
2023-06-05,211.69342041015625,213.51877187629708,210.7807300177477,213.08645333529932,1998222
2023-06-07,211.06895446777344,214.1912763227977,210.9248531689693,211.69342763438146,3010234
2023-06-08,209.91607666015625,210.6846510397496,208.81126106778495,210.06017794287007,2545540
2023-06-09,208.6671600341797,211.02090732913905,207.51430571209124,210.78072873456486,2206708
2023-06-12,206.7457275390625,209.91608786198057,206.69768888914874,209.33965338169082,2519451
2023-06-13,207.75448608398438,208.42698322267762,206.84181034866225,207.41823018496865,2969474
2023-06-14,206.02517700195312,207.85054295248293,206.02517700195312,207.75446565954152,2912978
2023-06-15,207.32217407226562,207.3702127249722,205.64092384290652,206.07324239858826,2127672
2023-06-16,209.6759033203125,210.2042991356905,206.45750443883165,207.51429606958763,11840028
2023-06-19,204.72824096679688,209.24359563692073,204.24788377509563,209.24359563692073,3036218
2023-06-20,204.19985961914062,206.02521121344222,203.71950239334134,204.63217819049214,2994763
2023-06-21,201.36572265625,204.39196683018906,201.12554408183146,204.19982690252158,3883919
2023-06-22,200.74124145507812,201.46177714921646,199.5403486315142,200.59714017998493,2349993
2023-06-26,200.6932373046875,200.741275957754,197.85913268582834,200.741275957754,2963948
2023-06-27,202.13430786132812,202.32646247256812,199.6844978207434,200.69323623306008,2122812
2023-06-28,204.1518096923828,204.8723454912971,202.71073809455422,202.9989553459876,1892635
2023-06-29,204.1518096923828,205.49680398662082,203.23913394562572,204.1518096923828,1932192
2023-06-30,207.17803955078125,207.51429543025966,204.2478725696294,204.53607514136823,2722850
2023-07-03,206.649658203125,207.9466137527489,206.12126238986906,207.17803935704364,2324641
2023-07-04,206.649658203125,207.9466137527489,206.2653636756037,206.649658203125,2208956
2023-07-05,201.65394592285156,205.78502075887513,201.41376732377273,205.40074086408433,3437029
2023-07-06,199.78054809570312,201.46179822457182,198.91591103602002,200.7893011048919,2984938
2023-07-07,199.82859802246094,201.41377094111522,198.62770500549902,199.78055936991473,1964128
2023-07-10,198.7718048095703,199.73251921591785,198.53162620798344,199.68449522307125,1958537
2023-07-11,197.90716552734375,199.82859431887135,197.23466838217675,199.7805556672155,2581513
2023-07-12,200.54913330078125,200.6932345986991,197.4748501173795,198.86788308149326,2036149
2023-07-13,199.54037475585938,201.4618035251201,199.54037475585938,201.4618035251201,1776725
2023-07-14,200.4530487060547,201.2696617894607,198.531619953888,199.73251292399218,2135629
2023-07-17,197.9552001953125,199.58841170337627,196.5141286306672,199.58841170337627,2623843
2023-07-18,201.84609985351562,204.72824303280805,200.59716821062125,203.6714513366655,3963259
2023-07-19,203.14303588867188,204.34392876417755,202.47053881025607,202.7587560322448,2935979
2023-07-20,203.43125915527344,203.43125915527344,201.60590779400235,202.0862649584776,2801050
2023-07-21,205.30465698242188,205.30465698242188,201.36573687934145,203.2871656104064,2128227
2023-07-24,206.7457275390625,207.17804606961093,204.1518016964342,204.6321588768964,1504070
2023-07-25,207.80252075195312,207.99466069370558,205.11251758940483,206.74572908330768,1673645
2023-07-26,207.37020874023438,207.70644998404197,205.2086013440235,207.51431003624643,1712119
2023-07-27,207.70643615722656,209.77198077170758,206.74572182286443,208.09073068657383,3377346
2023-07-28,207.70643615722656,208.5710878537549,206.79376047144999,207.32215628721664,1613436
2023-07-31,206.5055389404297,207.85054777613993,206.5055389404297,207.70643183338325,1582626
2023-08-01,206.02517700195312,207.70642701307082,206.02517700195312,206.26535557496993,1222378
2023-08-02,203.719482421875,204.68019677929072,201.84609235678184,204.19983960058286,2063285
2023-08-03,200.9814453125,202.75877277877865,200.16484688531264,202.4225168821298,2325584
2023-08-04,202.23036193847656,202.27840058576876,199.9726774497754,201.7980434315206,1576572
2023-08-07,202.42251586914062,202.51859317037037,200.98144430672244,201.31770020168855,1594897
2023-08-08,202.08627319335938,203.28716615348313,201.36573741728512,201.75001730078955,1479539
2023-08-09,205.16055297851562,206.02519003232672,203.0469843341592,203.3351869125378,1856424
2023-08-10,206.3614501953125,207.4662658602224,205.35269717207333,205.35269717207333,1873731
2023-08-11,201.41375732421875,206.0732277787555,200.54912027419678,206.0732277787555,2907574
2023-08-14,201.7980499267578,202.08626716045092,200.11679983277517,200.83733558733917,2055303
2023-08-15,198.72378540039062,201.89413128699238,197.811094965838,201.79806863974497,2733034
2023-08-16,199.9727020263672,200.4530592396511,197.52289196609013,197.90717187298176,1993279
2023-08-17,197.474853515625,199.1080651105993,196.9944963018479,198.91592515695623,2746384
2023-08-18,196.46607971191406,197.28269275293565,195.31322545231797,196.9464368750239,2756003
2023-08-21,197.09054565429688,199.6844861611904,195.64947411017283,196.27394724156258,2103666
2023-08-22,199.34823608398438,200.06877187705902,197.61894724873758,198.3875216932182,2794269
2023-08-23,202.42251586914062,202.51859317037037,199.15609285806127,199.68448869614886,2820422
2023-08-24,202.13430786132812,204.05573669901884,201.79806661033544,203.67145679521616,3251172
2023-08-25,201.41375732421875,203.09500743430183,200.54912027419678,201.26965603566094,2441517
2023-08-28,202.23036193847656,203.2871535415573,200.2608946741917,202.7107190927247,2475822
2023-08-29,202.95091247558594,203.3832310140805,201.79805815315436,202.9028738247892,2938904
2023-08-30,202.32644653320312,203.52733946215295,200.9814376571768,203.52733946215295,2702124
2023-08-31,202.80679321289062,204.15178735999825,201.50982305298652,202.47053734644533,6232783
2023-09-01,201.6059112548828,203.38322399834925,201.41375665832425,202.80680418668618,1920676
2023-09-04,202.13430786132812,203.04699828670215,201.50984935281411,201.6059266584341,1912472
2023-09-05,204.103759765625,204.48805429942004,201.5578726138347,201.75001255106343,2694843
2023-09-06,206.5055389404297,206.6016162356008,202.95089890915452,204.10375315452254,2657896
2023-09-07,205.01646423339844,206.6977145739326,203.95968710066646,206.02521736958684,2442055
2023-09-08,203.86358642578125,205.83305381657053,202.80680941415775,205.5928752240191,1338381
2023-09-11,204.48806762695312,205.73698463000704,203.47931456658472,203.86359446608768,2060559
2023-09-12,204.1518096923828,205.44877999416389,202.42252084312085,204.9684227948877,2676558
2023-09-13,203.52734375,204.2478795225499,202.08627220490018,203.04698656830004,2036770
2023-09-14,205.16055297851562,205.5448328559122,203.0469843341592,203.52734151057373,2556221
2023-09-15,206.649658203125,207.9466137527489,206.0251850931544,206.40947962067568,5998381
2023-09-18,205.881103515625,206.9859192369167,205.25663034587598,206.64967798490295,1956926
2023-09-19,206.5535888671875,208.3789403004182,205.68895180078093,205.8810917422782,2349349
2023-09-20,208.71519470214844,209.43573047212135,206.745727332355,206.79376598222072,2923165
2023-09-21,207.46624755859375,208.95535763683856,205.8330362008858,207.65838748432353,2580389
2023-09-22,205.68896484375,206.98592052560127,205.06449167011303,206.55360196498418,2138288
2023-09-25,205.11251831054688,206.6496671686468,203.9596639966409,205.68895279716884,2638206
2023-09-26,203.8155517578125,205.68895654378892,203.143054617396,204.53608754954553,2955168
2023-09-27,201.9901885986328,204.68019166403735,201.46179278339199,204.48805172922363,2573251
2023-09-28,201.65394592285156,202.51859767513835,200.74127017821968,201.99020182529725,1906039
2023-09-29,201.55787658691406,203.81554654769533,201.22162069563237,202.2784123602281,2614246
2023-10-02,201.3176727294922,202.6146281630807,199.68446144682363,201.5578512904533,2894256
2023-10-03,199.34823608398438,201.5098434632083,199.06001883488688,200.78930767013367,1987139
2023-10-04,198.435546875,199.9246570114758,197.04251403481447,198.7237641045336,2396048
2023-10-05,200.50108337402344,201.846092269426,198.8198332492735,199.01197318880597,2802808
2023-10-06,202.90286254882812,202.90286254882812,200.3569754508024,201.50982970916618,2079817
2023-10-09,204.19985961914062,204.9684341122873,201.89413613970058,202.56664798329092,2980767
2023-10-10,207.80252075195312,208.6671578195082,205.59287477345495,205.78501471520744,2577896
2023-10-11,208.42697143554688,209.05144454706917,207.1300158827003,207.6103730487925,2935927
2023-10-12,211.54931640625,213.18252801968103,209.00342900819626,209.24360761779903,5675957
2023-10-13,209.96412658691406,211.83751665951843,209.62787069673527,211.16501953849863,2752920
2023-10-16,210.4925079345703,211.4051835831105,208.18678483057025,209.96411214036175,2751654
2023-10-17,208.811279296875,211.16502662914903,207.32216905504018,210.3964521824596,3223682
2023-10-18,203.33518981933594,209.5798332019958,203.33518981933594,208.81127343621566,3721398
2023-10-19,201.75001525878906,204.0557238551544,200.4050210207989,203.33518808637302,3178555
2023-10-20,192.12364196777344,200.35697057061358,191.89307991731894,200.35697057061358,7650512
2023-10-23,191.72015380859375,193.58394199763825,190.10616073313523,193.15162347095026,5126515
2023-10-24,193.0075225830078,193.39181714953543,190.43281495429744,191.7393871618137,3209396
2023-10-25,194.06430053710938,195.457333425929,191.89309136291718,193.0555475281925,3412543
2023-10-26,195.55340576171875,196.75429868010397,191.83543131804865,192.19090559024008,3294134
2023-10-27,193.53591918945312,195.98574392032495,192.33502615072564,195.98574392032495,2350348
2023-10-30,194.4966278076172,195.3612795652629,193.15163350817508,193.53591340534757,2060304
2023-10-31,196.3699951171875,196.51411105636652,193.87214675745489,194.6407211217329,2425381
2023-11-01,197.28271484375,198.6277091873289,196.081821801505,196.89842027462825,2417559
2023-11-02,200.1648406982422,201.84609081084304,198.53161457567413,198.67573052378532,3238846
2023-11-03,199.63365173339844,201.8550257779048,199.63365173339844,201.37211901767057,1711807
2023-11-06,199.00587463378906,201.08236776404982,197.7503141362885,200.7926207666044,2906849
2023-11-07,198.95758056640625,199.633647067504,198.1366331983376,198.61953994728518,1869380
2023-11-08,199.73023986816406,200.69605339292582,197.89518532882977,198.37809209121065,1577673
2023-11-09,201.85501098632812,201.85501098632812,199.58534348468658,200.01997132676445,2404067
2023-11-10,199.82679748535156,201.46869214479278,198.66782428944416,200.84090455819944,1881388
2023-11-13,199.34390258789062,200.8892100988938,198.37808907779979,200.1165563433922,2229516
2023-11-14,202.7242431640625,202.7242431640625,198.3298036282986,199.44048323328732,4662374
2023-11-15,204.1729736328125,204.80076126740303,201.90332068754017,202.8208405904011,5649863
2023-11-16,202.62767028808594,204.46270999831526,201.90331018081474,203.8349371335379,3891750
2023-11-17,204.12469482421875,205.18708086162093,202.77254704414565,202.82084066792413,2890412
2023-11-20,205.71826171875,205.71826171875,203.59347510852024,204.31783518499472,2639449
2023-11-21,204.8490447998047,206.3460439026055,203.83493769938107,205.7182710360854,3738764
2023-11-22,206.29776000976562,207.16698622494283,204.36613309857736,205.0421995700645,3744718
2023-11-23,207.3601531982422,209.14691404824427,206.15288633665818,206.53922057465164,2324382
2023-11-24,208.56741333007812,208.6157069504121,206.97382701906446,207.40844012778237,1924919
2023-11-27,208.2776641845703,208.95374538794442,206.9738248719424,208.5674111664244,1959520
2023-11-28,206.925537109375,208.4708445649094,205.959723633952,207.64989721594222,1977551
2023-11-29,208.13278198242188,208.85714201252313,206.73235553832131,206.92551526558648,2687670
2023-11-30,210.35418701171875,210.74050652377414,208.32597273056606,208.61571973317996,11116972
2023-12-01,211.56143188476562,212.43065806497614,210.35416511383812,210.8370718222091,2600401
2023-12-04,211.9960479736328,212.91356778508774,211.030234543229,211.5131412584309,2610601
2023-12-05,214.55545043945312,215.08665078046218,211.89946347155146,211.99605071069624,2858366
2023-12-06,215.56956481933594,216.53537829499348,213.9276848581469,214.65204496489008,2135352
2023-12-07,216.48707580566406,216.72852916468761,214.70032979117582,215.13494288998953,2721924
2023-12-08,216.92172241210938,217.83924230836425,215.95590889244218,217.06658854520154,3113515
2023-12-11,219.9157257080078,219.9157257080078,216.3905124127366,216.9217127723766,3538288
2023-12-12,220.92982482910156,221.26786542861555,219.4811046662878,220.10887750864964,3548097
2023-12-13,219.9157257080078,222.1853932732224,219.7708595813533,220.92983280602164,3816536
2023-12-14,221.99224853515625,223.19951546271932,220.8332604949796,221.7025015251121,4607698
2023-12-15,223.39266967773438,224.6965090848462,222.18540278014302,222.4268561596613,5155985
2023-12-18,223.24778747558594,223.63412172279672,221.79906720712103,223.39266834471923,2447438
2023-12-19,223.92385864257812,225.66231109675294,223.24777742468348,223.24777742468348,2878852
2023-12-20,224.8413848876953,226.33839875440003,223.92386501363256,224.93795739503938,3808937
2023-12-21,223.24778747558594,224.31018823398475,221.8956544532099,224.06873485590725,2213157
2023-12-22,224.02044677734375,224.55164716969028,222.23370057763537,223.1029268653697,2107061
2023-12-27,224.16529846191406,225.131111872371,223.53751090283117,224.06871122601112,2610513
2023-12-28,224.02044677734375,224.98626031355747,223.58583363347657,224.64823441816966,2084982
2023-12-29,225.51744079589844,225.7106005386589,223.923854496695,224.0687206194794,2445449
2024-01-02,226.1452178955078,227.40077835276995,224.93795105912963,225.17940442640526,2600876
2024-01-03,223.29608154296875,227.35249535531347,222.18540189646004,226.9661758444786,2496083
2024-01-04,224.2618865966797,224.79308695689602,222.8614600013051,223.2960731188842,2088293
2024-01-05,220.78497314453125,223.29607941532043,220.59179865380978,222.71660015458963,1651230
2024-01-08,222.76486206054688,222.76486206054688,220.35032848201442,221.17127579357285,2008029
2024-01-09,221.12298583984375,223.1994935940873,219.48110592665503,223.10290635448763,2889016
2024-01-10,221.2678680419922,221.2678680419922,219.96401398520263,220.59178683497908,2556991
2024-01-11,220.78497314453125,223.68241365961882,220.59179865380978,222.1371061567143,2608031
2024-01-12,224.3101806640625,224.3101806640625,221.1712868549852,221.1712868549852,2165046
2024-01-15,222.66830444335938,224.0687310650873,221.89565069915432,223.68241156155696,1097491
2024-01-16,221.89564514160156,222.42684549850972,220.78496554391145,221.6541917736564,1678419
2024-01-17,218.41871643066406,219.77086416862053,216.82513005562524,219.577704416668,2686885
2024-01-18,219.23965454101562,219.77085488931468,217.59777461302707,219.23965454101562,2369609
2024-01-19,222.66830444335938,223.4409581875644,220.64009020696417,220.64009020696417,3740667
2024-01-22,230.5396728515625,231.84352693380444,224.50333865070914,224.9862453867774,5366447
2024-01-23,229.8153076171875,231.79522813829752,228.60804080396719,231.79522813829752,3983260
2024-01-24,233.00250244140625,233.24395581181184,231.16746272118135,231.79523558937825,2563718
2024-01-25,234.20977783203125,234.20977783203125,231.16747114886482,233.53371131767702,2358131
2024-01-26,235.7550811767578,235.9482409292731,232.66446618793498,234.54781430210653,1912320
2024-01-29,236.3345489501953,237.68669662638706,234.64437540781347,235.8516422238005,2062003
2024-01-30,237.9281463623047,238.21787860400954,236.67258594539078,236.67258594539078,1747896
2024-01-31,237.49351501464844,238.94223515033067,237.34864889593754,238.55591567567274,2891500
2024-02-01,237.87986755371094,239.42516030854182,235.94824055731402,236.62430705862405,2140249
2024-02-02,238.65252685546875,240.82560727700405,238.1213264716645,239.8115001328586,1790912
2024-02-05,237.59010314941406,239.2319830286277,236.72087695957845,238.74907631490936,2231078
2024-02-06,239.2320098876953,239.71491665563056,236.81747604801905,239.18371626347277,2146537
2024-02-07,239.03884887695312,240.0529560317389,238.45935486360557,239.23200863568732,1964922
2024-02-08,240.05294799804688,240.63242725485645,238.700800257869,239.90806713098615,1780531
2024-02-09,239.28030395507812,241.06706489460575,238.0247434086921,240.05295773263452,1935019
2024-02-12,241.54995727539062,241.6948234025525,239.1837024593566,239.859783685163,1852216
2024-02-13,240.87387084960938,241.45336482003498,239.1836972958691,241.06704533118048,2624004
2024-02-14,242.22601318359375,242.6606262832395,240.53583966719307,240.8738655281871,2189320
2024-02-15,242.75721740722656,244.83371043718145,242.12942982022957,242.99867077057684,2601878
2024-02-16,246.6687469482422,247.39310702902654,243.8678938640668,243.8678938640668,2950388
2024-02-19,247.44143676757812,247.48971565408746,244.01278107101598,246.08928899098598,1880913
2024-02-20,246.8619384765625,248.02089700129275,245.12347121517791,247.4414324760722,2008306
2024-02-21,245.75123596191406,247.2965286808575,243.77131538915944,246.86193030133452,1729125
2024-02-22,248.64869689941406,249.17988253370447,246.42730816899763,247.24825553731915,2128590
2024-02-23,251.063232421875,251.063232421875,248.40724528304662,249.1798842973538,1752658
2024-02-26,251.54612731933594,251.83585956747413,250.24227325413864,251.11149947284093,1852987
2024-02-27,250.24227905273438,252.22218490089492,250.0491045666409,252.077318773469,2332476
2024-02-28,250.1457061767578,251.1597986012719,249.46962491088837,250.24229342535202,1828391
2024-02-29,251.49783325195312,251.78759499084336,248.64870106908018,250.6286069838612,5045604
2024-03-01,251.15977478027344,253.0431227892211,250.09740356936683,252.0773093434607,2017229
2024-03-04,250.67689514160156,251.40125530418484,249.46962820396277,251.2081102787369,1990489
2024-03-05,250.6285858154297,251.93243984458698,247.82773275512426,250.6285858154297,2441962
2024-03-06,251.64268493652344,251.83585941802605,248.7935529172296,250.62859259435382,2269039
2024-03-07,252.8016815185547,253.33286714941306,249.4213342967211,251.01492066358492,1954307
2024-03-08,254.25038146972656,255.02302041192382,252.65679523001575,253.13970193746061,2332242
2024-03-11,254.2021484375,254.49188072450954,252.80170694360672,253.71924164295635,2227295
2024-03-12,259.36920166015625,260.14187013884566,254.87817481421376,254.974762058336,3604738
2024-03-13,259.5623779296875,260.5281914289607,258.5965644304142,259.997005794076,3231380
2024-03-14,258.8862609863281,261.4939688644409,258.2584881932372,260.28670215684883,3255856
2024-03-15,261.590576171875,262.17007013084987,257.8721885322639,258.7414147335827,6096263
2024-03-18,254.15379333496094,261.88030062676614,250.58030139707276,261.590568393038,4510799
2024-03-19,257.0029602050781,257.2926924450254,253.574304836172,253.9606537884842,2846219
2024-03-20,254.7815704345703,256.5683311706518,254.00893148213405,256.42346505135583,2375250
2024-03-21,258.2102355957031,258.78972956918614,255.55424856866992,258.4033806040055,2881461
2024-03-22,260.2384338378906,260.72134054052225,256.42345909738646,256.95464468056684,2521694
2024-03-25,260.2867431640625,261.01110330273804,258.9828890195887,260.2384642778666,2190907
2024-03-26,260.2867431640625,262.7012769596475,259.46579577870574,260.33502205025843,3101811
2024-03-27,260.6247863769531,261.5422915438078,259.70725173580865,260.3350246340334,2615776
2024-03-28,259.4657897949219,262.02518966435935,258.40338905450756,260.67305666487243,1953790
2024-04-02,259.12774658203125,262.7012682710216,257.0029745967652,259.80382781215,3400878
2024-04-03,258.98284912109375,261.44569089774257,258.98284912109375,259.2243024634543,2191643
2024-04-04,258.98284912109375,259.4657558058149,257.92044851985025,259.1760235846962,1582991
2024-04-05,253.18800354003906,255.02304329815212,251.30468489656346,254.92648552742693,3711341
2024-04-08,254.1055450439453,254.4918645601844,250.43543595394942,253.18801040287389,2984987
2024-04-09,252.46365356445312,254.73332127923993,251.64270616025914,253.67092048994715,2209083
2024-04-10,252.75340270996094,254.92648306750985,250.5320139932266,253.23630945608292,2134669
2024-04-11,251.20809936523438,253.3328713985956,248.21407159510485,252.70509851315455,2710792
2024-04-12,251.88412475585938,255.8439656194162,251.1114858199739,253.0431126339737,2025169
2024-04-15,253.18800354003906,254.87817716777536,252.22219003847547,252.6085095442431,1824980
2024-04-16,251.64268493652344,252.02903389952868,248.8418318004614,251.11149932382273,2310200
2024-04-17,253.33285522460938,255.26448211758935,251.1114960873973,251.44953668852628,2238013
2024-04-18,252.8982696533203,258.11365663337455,250.72518928877366,256.4234830165049,2462315
2024-04-19,252.12559509277344,252.84995519682195,249.95251478062787,250.96663661086865,2728206
2024-04-22,255.2161865234375,255.94054656087394,252.75337418586778,253.33283863638863,3045616
2024-04-23,259.41748046875,259.70721269382426,256.90635977906004,257.09953424529976,2336127
2024-04-24,260.7696228027344,261.8803023383332,259.12772820278036,260.7696228027344,2610904
2024-04-25,257.0029602050781,262.0251723679812,256.1337340109494,261.1559461738525,2613937
2024-04-26,261.7837219238281,262.2666286453067,258.74141547337047,258.83800271252363,2712920
2024-04-29,262.7978820800781,264.68120088415145,262.31497528811707,262.31497528811707,2472214
2024-04-30,263.0392761230469,263.5704616846291,260.2384232565242,263.23242111167457,2378073
2024-05-02,260.57647705078125,263.95682438562835,259.4175185062646,263.7153710045678,3172663
2024-05-03,264.1016845703125,264.1016845703125,260.6247504545369,261.6388427292572,2302094
2024-05-06,266.9025573730469,267.095702381782,264.0533958570402,265.1157965650912,1920504
2024-05-07,270.42779541015625,270.42779541015625,266.37136668928764,268.0132615225656,3069271
2024-05-08,272.97161865234375,273.46081510154147,270.4767287047079,271.5040293047505,1711385
2024-05-10,276.2492370605469,277.1297846854398,274.14569832936337,276.39599002166545,2660951
2024-05-13,276.4448547363281,276.68945291955197,274.4391615771632,276.29810179802917,1418436
2024-05-14,275.5643310546875,277.08085783659595,274.0967418285576,276.29812566775246,2178056
2024-05-15,275.5154113769531,278.20599150786444,274.439173352953,276.73840234554916,2203115
2024-05-16,272.0421142578125,276.6405724990347,270.18317385368124,276.3470665935012,3052113
2024-05-17,270.67236328125,271.69969364045704,269.15586637817427,271.650756085345,2265296
2024-05-20,277.1786804199219,277.32546323288483,271.45510617612814,271.60185913091107,3031183
2024-05-21,280.06494140625,280.6030455076018,276.49381362720345,277.570051688086,2970255
2024-05-22,279.96710205078125,281.77713475609346,279.47790563627416,280.7987419270793,2326242
2024-05-23,278.8419494628906,281.1900862235739,277.7168037086235,280.40738392273914,2565028
2024-05-24,278.6952209472656,279.28226265344773,276.1024857579912,277.912488719629,2297502
2024-05-27,279.77142333984375,280.0160215313078,277.66785500671085,278.69518532576643,1798520
2024-05-28,277.716796875,281.43467749974985,275.8089190086653,280.40737702291,2476247
2024-05-29,276.10247802734375,278.05926375437474,275.17299286373174,277.37437680664164,2440485
2024-05-30,275.9067687988281,276.4448728939941,274.78162305373104,276.1024593015314,1701868
2024-05-31,278.2549133300781,278.4995115362153,274.92838369824767,276.05352947484306,11369683
2024-06-03,279.18438720703125,282.6087619549685,278.2059944219063,280.7008840807036,2523250
2024-06-04,277.9124450683594,279.7714151556475,276.6405464532245,278.8419301120034,2104864
2024-06-05,280.9944152832031,282.6576650760885,279.52682612926895,279.5757338244623,2701102
2024-06-07,282.559814453125,283.4892995095419,280.3584307640949,282.7555049465319,2750445
2024-06-10,280.6520080566406,282.31525806414584,279.7225228626071,282.31525806414584,2391057
2024-06-11,279.03765869140625,283.342581351228,277.17868835036836,281.6793015276196,2553026
2024-06-12,286.4245300292969,287.15832472621224,279.77147005387064,279.96713072480514,2634228
2024-06-13,280.6520080566406,287.1583148403303,280.211719310376,286.424520168677,4070228
2024-06-14,277.61895751953125,281.72821923049275,276.15136831678484,281.33683822321734,2134683
2024-06-17,277.4721984863281,279.4289840470805,275.90676406609055,278.45059126670435,2701276
2024-06-18,278.6952209472656,279.1844173927205,277.03194108944655,278.4995304258111,2370255
2024-06-19,278.3038635253906,279.2822563943733,276.68949140502457,278.69521470134754,2012828
2024-06-20,281.72821044921875,282.65766566708044,278.69518688644433,278.84193983050903,3714162
2024-06-24,282.6087951660156,283.6360957678497,277.17869665554207,280.5052564024333,2490084
2024-06-25,280.6520080566406,282.8044545119147,279.77146042229293,282.60879384771613,1753948
2024-06-26,282.8533630371094,285.1036545225844,281.77712499085584,282.21741369192546,2315878
2024-06-27,283.0001220703125,285.4461041106782,282.65767861302544,282.8533691195264,1861227
2024-06-28,283.92962646484375,285.15261756805523,282.2663466212037,284.36988534709116,2689656
2024-07-01,283.7828063964844,286.4244787759468,282.853351194953,286.2777258344605,1646829
2024-07-02,284.2231140136719,284.2231140136719,281.8749772189297,283.7828253017043,1661739
2024-07-03,283.2447204589844,285.152598394985,282.0706371355718,285.005815585924,2241054
2024-07-04,284.7611999511719,285.59283976616854,283.00010493203087,283.73389949970255,1357774
2024-07-05,282.8044128417969,285.6906834016253,281.97280288966954,285.39717751948353,1582571
2024-07-08,281.875,282.90230060004484,280.40741065240354,282.80445533856874,1700346
2024-07-09,280.74981689453125,284.2230992798086,280.0649300132365,281.4836114709851,1531158
2024-07-10,280.79876708984375,281.28796354818843,278.79307355390347,281.1412105823215,1669480
2024-07-11,281.53253173828125,282.41307929771216,280.3095407229108,281.2879335352072,1741129
2024-07-12,289.7021484375,289.9467466665323,281.92391281099975,282.0706657767827,2358240
2024-07-15,289.6042785644531,290.5826713974411,288.1855970133486,289.5553708660756,1554415
2024-07-16,289.7510070800781,291.07184326484816,287.7453138848854,289.457501198208,1757464
2024-07-17,288.0877685546875,290.3380600252598,285.59284902877994,289.75101838044753,2297955
2024-07-18,286.7179870605469,292.392682997027,286.42448117511583,288.6258648903814,3464009
2024-07-19,287.98992919921875,288.96832200787367,285.34825667257877,286.71800063305994,1847223
2024-07-22,292.3437805175781,292.93082221704736,288.72374477751646,288.72374477751646,1864666
2024-07-23,293.5178527832031,295.4257307695659,291.3653765861876,293.0286563618978,1714113
2024-07-24,290.240234375,292.1481123849364,289.7999755052934,292.05026712783035,1939410
2024-07-25,289.89776611328125,290.2402095547777,285.5928438923794,287.84316518065793,2249443
2024-07-26,293.2243347167969,294.0559447119939,289.3107635086083,289.8977753032936,1953612
2024-07-29,294.3984069824219,297.57818379232776,294.3494992824648,294.49625224051664,1839287
2024-07-30,294.83868408203125,296.89331498823435,294.2027347167773,294.59408587553514,1553253
2024-07-31,297.2357177734375,298.9968427110242,295.4746226940292,296.6976136820012,2587431
2024-08-01,291.5610656738281,297.62711321165625,291.12077695353196,297.43142270081796,2049044
2024-08-02,275.9067687988281,289.75102090699176,275.5154176516003,289.75102090699176,5709207
2024-08-05,267.1012268066406,269.5961164324425,260.15463215248803,266.12283403445514,7907477
2024-08-06,271.16156005859375,275.3197294817526,269.9875066069621,274.1945837271219,4770692
2024-08-07,278.0102844238281,278.98867714033514,273.3629190204199,273.9499606219593,3302325
2024-08-08,277.2764892578125,278.4505724582295,273.4607636437214,276.4937870296519,2437573
2024-08-09,278.9886779785156,281.6303502642915,277.6678418356277,279.0376155293937,1745275
2024-08-12,279.8203430175781,281.87497388549684,278.7441049574132,279.9181882699893,1603131
2024-08-13,280.8476257324219,281.67926553796894,278.5484266663843,280.79871803840376,1442123
2024-08-14,283.48931884765625,283.6360717986335,281.2879350084596,282.65767898121277,1619445
2024-08-15,287.54962158203125,288.0388179541879,283.73389585084493,284.2230922230016,1677349
2024-08-16,290.14239501953125,290.28917783726615,286.57126699887533,287.5496598734759,2192656
2024-08-19,290.92510986328125,290.97401756081865,288.6747884711557,290.2891605043989,1647792
2024-08-20,289.6042785644531,291.9035076936109,288.6258857314651,291.56106423042917,1646163
2024-08-21,289.4085693359375,290.8272507952832,288.1855783738043,289.6042598331499,1418717
2024-08-22,294.05596923828125,295.0832996810244,289.40860304093513,289.40860304093513,1895514
2024-08-23,295.6703186035156,296.89330961385747,294.0559465833212,294.0559465833212,2249758
2024-08-26,297.6271057128906,298.16520981686847,295.034340871418,295.6703200865289,1868505
2024-08-27,293.5667419433594,298.21410765227955,293.4199889978712,297.62709587032685,1758899
2024-08-28,296.40411376953125,297.82276542929975,293.12649188398893,294.8875869989358,1649738
2024-08-29,299.87738037109375,299.9752256185436,296.40409802295403,296.40409802295403,1430354
2024-08-30,298.75225830078125,299.77955883481604,297.57817495487313,299.38820767223996,3517623
2024-09-02,300.5622863769531,300.5622863769531,297.67601561343605,298.75225368753627,1615102
2024-09-03,297.92059326171875,301.9320095202936,297.13789100266,300.4644203909255,2128567
2024-09-04,294.2027282714844,296.5508650307688,290.5826629513775,291.07185935365254,2376260
2024-09-05,286.9136657714844,293.4689089531827,285.8374278054804,293.4199714021692,2932133
2024-09-06,287.7453308105469,291.8056549921973,284.7612148311761,286.5223398005209,2198654
2024-09-09,292.0013427734375,292.44160161803296,289.5064232213484,289.6042684728736,1615837
2024-09-10,291.8056640625,294.05595564762285,290.1913218507223,292.00135457345846,1624154
2024-09-11,289.2618103027344,293.71351522609115,288.4301704943555,291.95239036278684,1774801
2024-09-12,292.49053955078125,296.01272974481043,290.87616754397607,293.07755134433364,1764072
2024-09-13,294.5451354980469,294.88757894387106,292.9797309311561,293.5178350187525,1557431
2024-09-16,297.18682861328125,298.0184685086088,293.1265042516,293.56676311982267,1347593
2024-09-17,298.85009765625,300.0241511208009,297.6271066359808,297.6271066359808,1828582
2024-09-18,295.4746398925781,299.24145832642085,294.398401788883,298.8501071591263,2595955
2024-09-19,301.9320068359375,302.5679561480409,297.0400431148697,298.36087929119344,2930601
2024-09-20,303.4485168457031,305.1607042225541,301.29607062971166,301.54066882640467,6997514
2024-09-23,303.4485168457031,305.60099291987285,301.4917312721591,303.6442073463288,2431205
2024-09-24,301.1982116699219,304.6225862677585,298.7522298143243,304.5247410218992,2402431
2024-09-25,304.5247802734375,305.1118219660827,299.9263218489277,300.3666105829568,2199416
2024-09-26,307.2642517089844,308.1937368268131,305.60100183784243,306.1880434986722,2357220
2024-09-27,305.1117858886719,308.536160522982,303.3506610189774,307.26423202961763,2675795
2024-09-30,305.79669189453125,306.43267117219693,303.79099837350236,304.5737007577619,2520648
2024-10-01,303.3996276855469,308.09590140569554,302.763678306928,305.94345505820246,2305913
2024-10-02,303.3996276855469,304.86721695536585,301.14930622358304,303.9866693651105,1950905
2024-10-03,300.5622863769531,303.05717612575785,299.9263071571353,302.56797971554676,1672899
2024-10-04,300.7579345703125,302.12767849054,298.94790195585773,300.66008932068667,1981778
2024-10-07,299.6327819824219,302.0787638761559,298.5565439775434,301.34496930803573,1586151
2024-10-08,298.75225830078125,300.073094600383,297.2357314908016,297.9695261174492,1622753
2024-10-09,300.4644470214844,301.1982416512056,297.04007208278534,298.75225955213483,1968312
2024-10-10,298.16522216796875,301.2960912431113,296.55087993098414,300.4644513458221,1817082
2024-10-11,305.1607360839844,305.1607360839844,298.65442934427125,298.7033370454449,3153821
2024-10-14,306.4815368652344,306.4815368652344,302.8125639578293,305.25854589609935,1771744
2024-10-15,303.9377136230469,308.38941872339024,303.10607378160444,306.6282937900689,2443402
2024-10-16,304.03558349609375,304.9161311049773,301.9809525032451,303.9377382377332,2041032
2024-10-17,301.83416748046875,309.9548154726528,299.3881855721991,304.9160987132529,3254778
2024-10-18,303.25286865234375,304.3780144316852,299.5838955513306,301.8341871100135,1833620
2024-10-21,301.736328125,304.91610466784715,299.3881914188408,300.6600900927084,2066505
2024-10-22,299.9752502441406,302.56798529442943,297.2357323815386,301.73634541010057,1729416
2024-10-23,300.0730895996094,301.29608062364076,297.969521151732,299.3882026828801,2331128
2024-10-24,297.3335876464844,301.2960966905584,296.99114416985856,300.268766260681,2452808
2024-10-25,299.3882141113281,300.46445222519446,297.3335831408888,297.3335831408888,1972766
2024-10-28,302.4701232910156,303.25285543335303,299.48603724220834,300.0730788844168,2210618
2024-10-29,300.85577392578125,305.0139431589018,300.80686623101553,303.3996010753258,1922341
2024-10-30,296.8443603515625,300.6600861817083,296.1595033276879,299.9752291578337,2297132
2024-10-31,294.9365234375,296.01273163801494,293.27324372332055,294.9365234375,3745213
2024-11-01,295.62139892578125,296.89332756836353,294.5940983582401,294.9365418334807,1371460
2024-11-04,297.2846374511719,297.9205867550399,295.18109904998835,295.621357864277,1495060
2024-11-05,296.94219970703125,297.8716847630589,294.594063078018,297.28464314126126,1770222
2024-11-06,297.0889587402344,305.99233892190784,297.0400510449888,300.3665804924883,3692105
2024-11-07,299.29034423828125,299.8284781800447,294.25162741298624,297.28465099054125,2348102
2024-11-08,297.375,299.3885924688161,294.72292360011255,298.60280759702727,2330513
2024-11-11,299.9288330078125,301.8933250792889,298.4554639542052,299.093917882281,1882241
2024-11-12,292.8566589355469,297.71878895841263,291.77618226649105,297.08033500989774,3167245
2024-11-13,291.4324035644531,293.6915574003016,288.092743145172,292.85664229548127,2873329
2024-11-14,295.36138916015625,295.85251216842005,293.00397473987437,293.2004359334877,2711664
2024-11-15,290.9903869628906,294.03535565706557,290.69572514361596,293.6915635507318,2149695
2024-11-18,292.611083984375,293.44599909830237,289.8116768262749,291.77616887044763,2149254
2024-11-19,290.6466064453125,293.59334465863253,286.9140833654156,292.9057903943206,3139576
2024-11-20,289.8116760253906,293.2495370931925,289.4187836127958,291.92352894765605,2154957
2024-11-21,291.5797424316406,291.9726348517623,287.1596352597889,289.8116815774378,2415279
2024-11-22,293.1513366699219,294.18268300065137,289.36968349763106,292.41465215489524,2399073
2024-11-25,292.36553955078125,295.36140807854247,290.8430701179546,294.0353698761414,5459052
2024-11-26,291.38330078125,292.70933901691734,289.6152697842084,290.2537237567083,1636499
2024-11-27,291.9235534667969,292.6602380432012,289.3697076067741,290.9904076797092,1921878
2024-11-28,292.36553955078125,294.5755932295259,292.2182086340192,293.3969159196583,1596770
2024-11-29,293.9371337890625,294.0353643903283,290.94129529296606,291.9235413540824,2351311
2024-12-02,297.8170166015625,298.7501323706538,291.2359560265068,292.4146632857251,3157384
2024-12-03,299.73236083984375,300.37081474455147,297.52230734032304,298.16076124503076,2112026
2024-12-04,300.0270690917969,301.35307728367013,299.38858517627784,300.0761694041734,2013475
2024-12-05,300.3217468261719,301.99157719621746,300.02708498476255,300.02708498476255,1983564
2024-12-06,302.7282409667969,303.317564609107,298.7992568139547,299.8306031637677,1781884
2024-12-09,299.68328857421875,303.956065068288,299.4377270512926,303.02291929085993,2113271
2024-12-10,297.62054443359375,300.2234903947072,297.62054443359375,299.2412443734742,2000252
2024-12-11,294.33001708984375,298.701023916555,293.34777105919136,297.08032396113254,2640985
2024-12-12,292.3164367675781,296.3436516544224,290.7939373718424,294.67382134316927,2345766
2024-12-13,291.62884521484375,293.9862297313232,291.23595279139226,291.9235370142602,2170864
2024-12-16,291.38330078125,292.51287780579173,290.5483855976245,291.62886230727094,2028754
2024-12-17,290.2046203613281,290.74484372253085,288.58389032617623,290.1554900711821,2178490
2024-12-18,290.9413146972656,292.1199920637544,289.12415336785085,290.25373041831745,1807710
2024-12-19,285.19512939453125,287.7980752747292,284.26198371306,286.17737538523,3596454
2024-12-20,285.48980712890625,285.8335992399847,280.087453878666,283.37798412623914,5317894
2024-12-23,286.0300598144531,287.2087370810135,283.91820684062975,285.3424755937985,2200592
2024-12-27,288.387451171875,288.87857420521414,285.5880438866879,286.32472843669655,2014146
2024-12-30,287.50341796875,288.87855638210254,285.538925956598,287.6016185887422,2000072
2025-01-02,290.7448425292969,291.23596557410985,287.01231937902674,287.5034424238398,2330368
2025-01-03,291.4324035644531,291.6779650672962,289.66434275852146,291.0394811792887,1873431
2025-01-07,292.4146423339844,295.95070390673607,290.6220314173175,293.78978072069543,2499747
2025-01-08,295.0666809082031,296.19625776903774,291.432388835267,292.26727392212223,2560590
2025-01-09,294.722900390625,295.9998381764371,293.5933234854686,294.9684618906924,1587252
2025-01-10,294.0844421386719,296.83474888423564,292.8075343475031,295.0666881244228,1778061
2025-01-13,292.21820068359375,293.1513464239841,289.1486817688501,293.00398553545983,1968666
2025-01-14,291.33416748046875,294.33000576841545,290.8430444840336,293.6915518682036,2159933
2025-01-15,298.3081359863281,298.79925900904135,290.9412906456296,291.3341830686461,2903104
2025-01-16,299.73236083984375,300.5672759348165,298.11166093534905,299.486799339897,2257111
2025-01-17,307.34478759765625,307.34478759765625,300.1252730281743,300.1252730281743,4401121
2025-01-20,305.82232666015625,308.2779418895203,305.28207332423307,307.34479611205325,2328960
2025-01-21,308.0323486328125,308.96546433837733,306.067856651705,306.3134181493434,2478671
2025-01-22,310.68438720703125,312.5997788319727,308.42523347443654,308.42523347443654,2955809
2025-01-23,309.2110290527344,310.5861974344305,300.1252535455929,310.5370671489305,6617645
2025-01-24,309.6039733886719,317.4128116630981,309.456612497491,311.86312736034387,3291158
2025-01-27,305.9696350097656,308.13058824251806,303.9560426605229,308.08145795609164,3184842
2025-01-28,307.6394958496094,310.73356512315473,306.0678960671787,306.6572497325618,2947295
2025-01-29,309.11285400390625,310.29153131687457,308.57260067332896,308.91639279719243,2370745
2025-01-30,311.9122314453125,312.2560235692732,309.40751592574605,309.40751592574605,2080629
2025-01-31,310.68438720703125,312.64887913998945,310.68438720703125,312.2559867485514,2408078
2025-02-03,301.0093078613281,305.33118439785136,298.3572315902182,304.2016074585897,5235221
2025-02-04,301.2548828125,301.84420647613894,296.73654487804976,301.4513140417892,2860283
2025-02-05,303.1702575683594,304.25073429061536,298.99571157728553,300.0270879840732,2770171
2025-02-06,307.9341125488281,309.5548124091946,304.29979045826354,304.3489207423766,3230390
2025-02-07,305.23297119140625,308.3761706565741,305.1347405876626,307.59035580239635,2254776
2025-02-10,307.05010986328125,307.59033318048296,305.3311793393874,305.4294099359066,3017055
2025-02-11,309.11285400390625,309.11285400390625,306.2152160716208,306.4607775921273,3370926
2025-02-12,310.1441955566406,312.4033495197139,309.014618575104,309.70217283632275,3266442
2025-02-13,314.1222839355469,315.59565305339794,310.6844226605609,311.6175684255086,3080237
2025-02-14,313.5820617675781,315.05543089099666,312.8453772058689,314.31874632928736,2305304
2025-02-17,318.29681396484375,318.39504456297726,313.2382529065522,313.3364835046857,2264269
2025-02-18,319.9666442871094,320.40866699093755,317.1181367951333,319.0334985682588,2421077
2025-02-19,315.2518615722656,320.8015454046179,314.66250798481036,319.96663032037037,3264464
2025-02-20,315.939453125,318.7388605145037,315.10453794205716,315.39922975850465,2408085
2025-02-21,316.3814697265625,319.6228698142223,315.69388547729085,316.03767760192665,3491212
2025-02-24,313.48382568359375,318.3950560091264,312.648910533099,316.67612539518996,2867389
2025-02-25,313.77850341796875,314.85895006051913,311.6666504920737,312.6488965131338,2529595
2025-02-26,319.22998046875,319.8193341201544,314.809873046875,314.809873046875,3371858
2025-02-27,315.3009948730469,319.3282098369847,314.4660797014374,317.953071306213,4145014
2025-02-28,314.07318115234375,315.84121208955435,312.79627325055515,313.8767199478665,6028619
2025-03-03,319.0826110839844,320.0157267750953,313.4346967257859,314.8098350961066,4048172
2025-03-04,305.0364990234375,316.28322829311264,304.6436065983517,316.2341279808909,5376265
2025-03-05,310.5862121582031,313.6802812121599,308.2287976639784,308.4743591758126,4036485
2025-03-06,307.9341125488281,312.79624210569585,302.77732119035494,312.1577582426036,3866064
2025-03-07,307.541259765625,307.9341522102923,302.08977592763506,304.1524987318536,3026936
2025-03-10,302.7282409667969,308.37615568650745,302.28621825929406,308.1796944885573,2725142
2025-03-11,297.3258972167969,305.3311966877671,296.6874132910289,303.5140354641061,3422475
2025-03-12,300.076171875,300.51819459311116,296.9329724869829,298.4554718682106,3423411
2025-03-13,298.7010498046875,301.3530963318374,297.2276806310134,299.33950378479176,2957554
2025-03-14,303.71051025390625,304.1525030194732,298.60281847391195,299.19217213710704,2247469
2025-03-17,303.5631103515625,304.29979484195695,301.8933101587963,303.9069024422336,2759560
2025-03-18,303.71051025390625,306.26432616813094,302.0406798708155,304.4962951543181,2340527
2025-03-19,307.4430236816406,308.0323773260249,302.28623175087824,302.72825447810936,3541833
2025-03-20,308.1797180175781,311.27378727901447,306.6572485324218,307.5412640391504,3006503
2025-03-21,304.7909240722656,307.05010787449777,303.4157856572113,306.7063157767919,5487622
2025-03-24,304.49627685546875,306.9518919913999,302.72824594790654,306.16610713821024,2030069
2025-03-25,306.31341552734375,306.31341552734375,302.58086280972833,304.74181596075664,2298930
2025-03-26,304.49627685546875,308.7199228989621,303.8578229152808,308.13059924695517,2597096
2025-03-27,303.46490478515625,303.7595665862018,299.53592090045197,302.53175912223173,2935073
2025-03-28,299.4377136230469,304.2998135734812,297.6205524397294,302.04065965418084,2218367
2025-03-31,293.0531005859375,297.47320759333996,292.9548699906192,297.42407730779627,4817457
2025-04-01,295.4105224609375,296.9329919662707,293.49513052449754,295.55785338471605,2592178
2025-04-02,289.22235107421875,294.7720350631847,283.8690983027688,294.2317817695344,5184480
2025-04-03,278.22119140625,284.016437059099,274.97979145784456,281.46259135465544,7569104
2025-04-04,269.4792175292969,281.41350138338566,264.71531805522665,276.99339403181415,7985716
2025-04-07,253.61595153808594,269.135427715302,242.95857550384028,244.3828293317638,13992978
2025-04-08,260.8354187011719,265.0099642874599,257.34845731940385,260.29519538031303,7263751
2025-04-09,249.44137573242188,253.81236755803252,242.61476883760474,250.96386007290693,10226382
2025-04-10,266.6797790527344,282.8868374482044,265.84486398872326,282.8868374482044,8090552
2025-04-11,265.1573181152344,268.0549258125607,259.1164812705026,267.51470250607736,4893109
2025-04-14,270.9034423828125,271.73835750130644,268.3004964052008,270.8052417606825,3294248
2025-04-15,275.86383056640625,276.35495362955606,270.2650156561892,271.29639207426754,3467126
2025-04-16,271.39459228515625,272.573299625196,269.03720758084967,272.08217656280823,4402162
2025-04-17,272.6715087890625,272.9170703009446,269.7738709585453,271.59103214162707,1856649
2025-04-22,274.4395446777344,275.32356014144057,270.2158985868208,271.59103708322726,3386802
2025-04-23,276.5513610839844,280.4312449394797,274.9797913976893,276.99338379311126,4272480
2025-04-24,277.3862609863281,278.3685069742229,274.832415422648,276.993368586324,3320252
2025-04-25,281.0697021484375,282.64130182882576,278.8105482162217,280.1365863832921,2765290
2025-04-28,279.94012451171875,282.4939702392605,279.94012451171875,280.8241399623911,2920791
2025-04-29,276.35491943359375,281.16791886175025,275.4217737387667,280.43123435818234,3980576
2025-04-30,280.23480224609375,280.23480224609375,275.81469476602433,277.337194216845,3199722
2025-05-02,283.96734619140625,285.0969231821589,281.3152697994032,282.4939770793537,3496258
2025-05-05,283.0833435058594,284.7531439228123,281.60997432725657,284.7531439228123,2224207
2025-05-06,279.0069580078125,283.77085699536497,278.1229426229334,283.37796459939295,3712854
2025-05-07,278.90875244140625,279.94009870950254,276.2566763580617,278.6631909513102,3385281
2025-05-08,282.093994140625,286.0258034009762,280.40184652216413,281.1981477100348,3547556
2025-05-09,282.8405456542969,284.53272369611955,281.24791285792446,282.39263761518663,2198796
2025-05-12,293.0931091308594,295.3327405392655,284.8313394870164,284.8313394870164,4475500
2025-05-13,291.9981689453125,293.789861901628,290.9032319711442,292.69492492745974,3691841
2025-05-14,290.4552917480469,293.3917094728532,289.90783845281936,292.1474698228412,3980195
2025-05-15,292.9935607910156,294.1382552011812,288.0663595937205,289.65899243162005,3231908
2025-05-16,291.6497802734375,296.6267389811753,290.65438853188994,293.74010900607647,4597267
2025-05-19,293.192626953125,293.2424147666465,289.0617572781111,291.2516312724764,3192148
2025-05-20,294.8847961425781,295.5815824952118,292.2967716031531,293.64055649640693,2567356
2025-05-21,290.8534851074219,293.04332875840913,288.01661250935496,292.9935713210703,3392443
2025-05-22,281.74560546875,288.66358985925797,279.4562167344368,288.66358985925797,4818558
2025-05-23,278.41107177734375,284.63226992774077,275.17604873913734,282.5916987082441,3731890
2025-05-26,283.0893859863281,284.1843229030244,281.3972383668368,282.6414779592318,1848051
2025-05-27,282.4921569824219,284.58248566239047,280.2525256203722,282.8903379705641,2478454
2025-05-28,280.5511779785156,282.5419615293627,279.2073930063046,282.49217371442376,2344469
2025-05-30,280.8995666503906,282.6415022293216,277.26636242706365,280.30232551936797,14428667
2025-06-02,278.1622314453125,280.15301490778904,276.3705081029167,279.70507647795387,2886770
2025-06-03,278.1124572753906,279.9539381439043,275.6239778252226,279.7050901988875,3165409
2025-06-04,281.69586181640625,282.4424056198066,278.75944403892004,279.55577565538084,2916870
2025-06-05,282.7409973144531,284.78156850454724,280.94930442373294,282.09399879152323,2442606
2025-06-09,283.1889343261719,285.6276561047142,282.7409959172336,282.7907837276398,2293991
2025-06-10,284.0350341796875,284.98063809019175,282.7410067138656,283.1889451399087,3223784
2025-06-11,282.5917053222656,285.12997245320184,282.3428573904255,284.0350354777163,2257371
2025-06-12,277.4654541015625,280.40187195494036,276.2212143970712,279.80463082139534,2591525
2025-06-13,273.6331787109375,275.2258115439042,272.0405458779708,273.085725413798,2379784
2025-06-16,276.4202880859375,277.4156797889809,273.4341129768072,273.6331730912495,2371239
2025-06-17,273.3345642089844,276.2709514689584,273.3345642089844,274.5788038217557,3284957
2025-06-18,274.5788269042969,275.2755829198556,272.0903474695596,273.3345871869283,3300693
2025-06-19,273.832275390625,274.7281218866053,272.0903398351846,273.2350342676564,6242863
2025-06-23,271.3437805175781,275.4746499518559,270.6469941844473,272.4387174509508,2967899
2025-06-24,275.1760559082031,280.7004678589036,274.97696541142597,277.81383791730383,3500844
2025-06-25,275.97235107421875,279.2073741255847,275.47465522016245,276.71889485530323,2373560
2025-06-26,273.782470703125,276.4202829689148,271.5926272231337,275.92258712660635,3387260
2025-06-27,280.8995666503906,281.09862677610096,276.02212272782725,276.12166797915535,2768729
2025-06-30,278.4608459472656,282.74101838119947,278.0626953171002,282.6912609437835,4103853
2025-07-01,278.5105895996094,279.8046170547807,275.026718598443,278.7096800933109,2137347
2025-07-02,280.3520812988281,281.34747305233145,278.5603882933003,280.2027786111917,1945811
2025-07-03,282.093994140625,283.3880215420937,280.5013613879406,281.6958435466897,1809921
2025-07-04,280.0036926269531,281.54656809594155,278.8589981673463,281.54656809594155,1393615
2025-07-07,280.7004699707031,280.8497726559368,278.3115358761287,280.0036836036857,1778227
2025-07-08,282.8405456542969,283.18893882490084,280.4018542139571,281.1483979894182,3005341
2025-07-09,284.8811340332031,285.9760406683015,281.795413499968,283.1889558894125,1431811
2025-07-10,292.24700927734375,292.24700927734375,285.67741798011264,286.1751138302522,2626878
2025-07-11,287.8673095703125,291.3013929212452,287.46912856416446,291.20184766970823,1586768
2025-07-14,286.274658203125,286.4737183164077,284.0847843184079,285.52811443019107,1482315
2025-07-15,287.668212890625,290.00738955526305,286.67282115051904,286.67282115051904,1673938
2025-07-16,287.22027587890625,289.90784574127736,286.12536926092463,287.1207610059591,1928944
2025-07-17,291.45068359375,292.6949232442987,286.97142085177467,287.6682072068598,3581942
2025-07-18,290.7539367675781,295.6313502758649,289.45990926410906,293.5908093355134,2817572
2025-07-21,288.9124450683594,291.649772282616,288.4147492112218,291.649772282616,1695817
2025-07-22,285.1299743652344,289.7585398531102,284.9308838676493,288.9124508037911,1766635
2025-07-23,290.4552917480469,291.25162335022134,287.6682070827976,288.26544819019233,2298452
2025-07-24,291.799072265625,294.68570213493666,290.8534683719758,293.14285714285717,2063288
2025-07-25,290.7539367675781,291.60002583197223,287.6682162617002,291.60002583197223,1768442
2025-07-28,289.6092224121094,296.8258121161639,288.862678649621,295.18339153713464,2120505
2025-07-29,289.9576110839844,292.99357421528777,289.85809620832373,290.55485222267896,1516581
2025-07-30,288.0166015625,290.75392880490386,287.6682083835324,289.9575971991286,2090688
2025-07-31,283.1889343261719,289.31058711231555,282.98984383843407,288.56404334871405,2570627
2025-08-01,279.2073669433594,280.7999997107601,277.4156740656232,280.5013639798418,2546080
2025-08-04,281.79541015625,281.99447027983956,279.80462665868123,279.80462665868123,1528698
2025-08-05,282.4424133300781,283.6368955989044,280.80002299315146,282.9401092125981,1723299
2025-08-06,282.19354248046875,285.27926277698424,281.6460892049172,283.68663000682045,1524607
2025-08-07,285.577880859375,287.2202711361727,282.59170567358103,282.6912509218298,1552339
2025-08-08,286.623046875,287.17050014911695,284.8811114321544,285.8267153035331,1093876
2025-08-11,286.17510986328125,288.1161358026966,286.17510986328125,287.76774263703953,1285470
2025-08-12,286.9216613769531,288.763142122064,285.5281190536335,286.6728134486123,1529476
2025-08-13,288.3152160644531,288.51430656644135,286.67282574236,288.1659133764348,1779318
2025-08-14,291.89862060546875,292.5954069571803,287.91705374299005,288.26544691884584,1902085
2025-08-15,293.889404296875,295.1834013775483,292.446074157171,292.84425514532694,3102783
2025-08-18,293.0931091308594,294.7354994216348,291.998172144694,293.69031987154494,1799903
2025-08-19,296.6267395019531,297.2737380597059,292.2967793432302,293.44147377263056,1966465
2025-08-20,294.2875671386719,295.8802000266519,293.34196319486347,295.5318068360085,5225984
2025-08-21,292.2967834472656,294.387112212924,291.9981780708626,294.2875669618078,1531021
2025-08-22,296.8258361816406,297.72168269386975,290.8534855975186,291.64978685795654,2063448
2025-08-25,295.282958984375,298.07007413340557,295.13365629603936,297.1244398123701,1468220
2025-08-26,292.7447204589844,294.8350492144332,292.7447204589844,294.1382628369684,2503225
2025-08-27,293.0931091308594,293.54101718637355,290.55484197516535,293.1428665669348,1609292
2025-08-28,292.04791259765625,295.0838754453382,291.55021675806347,293.5410001164346,1783210
2025-08-29,290.00738525390625,291.5502302774091,289.41014414331187,291.2516249105843,1848565
2025-09-01,291.9483947753906,292.1972427185599,289.8580963543258,290.15670173535045,1319657
2025-09-02,284.5327453613281,292.5456370106259,284.5327453613281,291.94839586939247,2613206
2025-09-03,287.56866455078125,288.56405628018996,285.12997303989687,285.22948791128186,1819115
2025-09-04,288.6636047363281,289.41014854168066,286.6230638191425,287.56866774642197,1451851
2025-09-05,289.2110595703125,291.30138831172906,288.2654556380387,289.16130213380427,1622686
2025-09-08,287.1705017089844,290.25622201417497,285.57786893434303,289.45989043838256,1758122
2025-09-09,285.47833251953125,288.514295485044,284.48294080171286,287.3696010849418,1878016
2025-09-10,285.1797180175781,288.46449843035396,285.0801727735969,286.67280554646595,2098964
2025-09-11,284.13458251953125,285.6774275559019,282.54194967031145,285.57788230714846,2526932
2025-09-12,284.3336486816406,285.9760390016623,283.3382569268462,284.1345885568491,1792987
2025-09-15,283.1391906738281,287.3198177273124,282.44240430977493,284.78158095830213,2085507
2025-09-16,279.75482177734375,283.6866310959422,279.55576166589873,282.7907846520805,2572724
2025-09-17,280.9493103027344,281.8451567668405,279.9041611574346,279.9041611574346,2199661
2025-09-18,283.78619384765625,284.88113084745606,281.247926660355,281.247926660355,1947769
2025-09-19,282.6414794921875,285.47832147667975,281.7456026792496,284.3336271208565,7255571
2025-09-22,285.3788146972656,285.62766262414607,282.5916996900382,283.885727135983,2361066
2025-09-23,291.1023254394531,291.5004760585947,285.5778830766742,286.22488162989737,2712970
2025-09-24,284.98065185546875,290.90324504305187,284.68204647497976,290.90324504305187,2549391
2025-09-25,282.6414794921875,285.9262598831487,281.4967547594209,285.2294735568511,3381446
2025-09-26,286.7723693847656,287.12076257281797,283.0396503205165,283.0396503205165,2116771
2025-09-29,289.65899658203125,290.60463088659947,288.1659089707837,288.2156664070472,2975677
2025-09-30,292.6949157714844,293.2423994299147,288.7133489913822,290.2562243448381,3503312
2025-10-01,294.13824462890625,294.785243152532,290.55482846666786,291.6497654019273,2674938
2025-10-02,300.3096923828125,301.653446895686,295.23318856402494,295.23318856402494,3582047
2025-10-03,302.0018310546875,302.5493147074243,299.81198757457094,301.255287291182,2763948
2025-10-06,305.4359436035156,306.3317900416525,301.4543768767354,303.0967670761436,3364704
2025-10-07,302.9474792480469,305.8341091910601,302.7981765638633,305.73456394262274,2055634
2025-10-08,305.23687744140625,307.22766096344634,303.146548667875,304.5898788721324,2844034
2025-10-09,304.9880065917969,308.471877493674,303.8930696615325,305.88385303403373,2538677
2025-10-10,302.1511535644531,307.9742013773949,302.1511535644531,305.6350246894846,2261950
2025-10-13,302.6986389160156,304.6894224269701,301.2055512827998,303.0470321058218,2135787
2025-10-14,303.0967712402344,303.49492184299373,300.1105961541237,301.7529863760958,2377901
2025-10-15,307.62579345703125,308.87003308495474,305.6350100523536,306.2820389604291,2818917
2025-10-16,306.6802062988281,310.2636226981523,305.5852692911255,307.92444599463886,2712947
2025-10-17,305.2866516113281,307.87464577275733,301.3050847451977,305.4359542934191,4254513
2025-10-20,310.7613220214844,311.05992740101095,304.4903356589124,307.3272082721988,3254913
2025-10-21,309.6663818359375,312.0553159785661,306.5806613122755,311.5078626627153,2381475
2025-10-22,310.6119689941406,311.3585127719285,307.7751269401022,308.96957875839627,2567338
2025-10-23,311.80645751953125,312.2543959460754,309.66637138848125,311.01015629116904,2768397
2025-10-24,314.1456298828125,314.64332573802074,311.90599853437556,313.4488435347433,2208612
2025-10-27,316.7834167480469,317.3308700464801,315.0912386633438,315.0912386633438,2327269
2025-10-28,315.1410217285156,316.88295722249217,314.04608477119865,316.88295722249217,2034366
2025-10-29,313.299560546875,316.53458380907466,312.752107222512,315.7880399793363,1570415
2025-10-30,314.8921813964844,315.4396346998761,312.4534594953138,313.5483964790423,2000525
2025-10-31,312.1050720214844,315.34009521893245,311.8562240832191,315.29033778205763,1327230
2025-11-03,313.4488525390625,315.63872651566396,312.3041581145893,312.80185398409463,2689552
2025-11-04,312.7023010253906,313.84699542164236,307.8746451348218,311.30875870052137,2830562
2025-11-05,315.0414733886719,315.38986655943523,310.31336280858915,311.8562077944701,2558949
2025-11-06,313.20001220703125,315.58894636325755,312.6027710737382,314.7926451034974,2693566
2025-11-07,312.6000061035156,314.70001220703125,309.54998779296875,314.20001220703125,3028099
2025-11-10,315.45001220703125,317.70001220703125,315.29998779296875,316.0,3057835
2025-11-11,320.3500061035156,320.5,316.04998779296875,316.75,3385811
2025-11-12,321.6499938964844,323.70001220703125,319.75,321.6499938964844,2585071
2025-11-13,320.6000061035156,324.6000061035156,320.6000061035156,323.1000061035156,2915146
2025-11-14,319.1000061035156,319.8999938964844,315.70001220703125,319.8500061035156,2735136
2025-11-17,315.20001220703125,319.1499938964844,314.6000061035156,319.1000061035156,2747951
2025-11-18,307.8999938964844,312.0,306.70001220703125,311.5,3456486
2025-11-19,308.6499938964844,310.45001220703125,306.70001220703125,308.04998779296875,2579034
2025-11-20,312.8999938964844,314.75,312.04998779296875,314.0,3142702
2025-11-21,312.5,313.75,307.1499938964844,308.04998779296875,2995354
2025-11-24,315.8500061035156,317.95001220703125,314.0,314.75,16288258
2025-11-25,320.29998779296875,321.29998779296875,315.1000061035156,316.8999938964844,3293967
2025-11-26,321.6000061035156,322.20001220703125,319.95001220703125,321.79998779296875,3013636
2025-11-27,322.8999938964844,323.95001220703125,321.3500061035156,322.0,2005646
2025-11-28,321.3999938964844,323.6000061035156,321.3999938964844,322.8999938964844,3794078
2025-12-01,319.0,321.0,317.45001220703125,320.70001220703125,2643268
2025-12-02,319.8500061035156,320.8999938964844,317.5,319.45001220703125,2351496
2025-12-03,318.3999938964844,320.6000061035156,317.8999938964844,319.6000061035156,2013161
2025-12-04,320.79998779296875,322.8999938964844,320.04998779296875,320.1000061035156,2313924
2025-12-05,322.79998779296875,323.6499938964844,319.70001220703125,321.5,2382954
2025-12-08,320.1499938964844,323.5,319.3999938964844,322.79998779296875,2121153
2025-12-09,317.6000061035156,321.75,317.04998779296875,320.1499938964844,2041187
2025-12-10,323.3500061035156,328.20001220703125,315.04998779296875,317.5,8501145
2025-12-11,320.45001220703125,323.25,320.0,323.25,2408883
2025-12-12,321.0,323.5,320.3500061035156,321.6000061035156,2597413
2025-12-15,323.0,325.0,321.8999938964844,322.3500061035156,3137862
2025-12-16,321.0,324.04998779296875,321.0,323.1000061035156,2684218
2025-12-17,319.04998779296875,322.25,318.0,321.5,2566738
2025-12-18,321.04998779296875,321.20001220703125,317.5,319.5,2593632
2025-12-19,323.1000061035156,323.20001220703125,320.0,321.1499938964844,4327625
2025-12-22,324.1000061035156,324.8999938964844,322.04998779296875,323.1000061035156,2020048
2025-12-23,325.1000061035156,326.29998779296875,323.6499938964844,324.5,2260321
2025-12-29,327.8999938964844,327.8999938964844,325.3500061035156,326.0,2530450
2025-12-30,330.3999938964844,331.79998779296875,326.75,327.8999938964844,3184359
2026-01-02,325.95001220703125,333.8999938964844,325.3999938964844,331.3999938964844,4077079
2026-01-05,330.04998779296875,332.3999938964844,325.3500061035156,326.6000061035156,2547563
2026-01-07,340.6000061035156,341.79998779296875,332.04998779296875,335.3500061035156,5284811
2026-01-08,337.1000061035156,340.70001220703125,337.1000061035156,340.6499938964844,3320518
2026-01-09,340.6000061035156,340.79998779296875,336.1000061035156,337.54998779296875,3192520
2026-01-12,341.45001220703125,343.20001220703125,340.20001220703125,340.75,3327184
2026-01-13,341.29998779296875,342.25,339.20001220703125,342.0,3537044
2026-01-14,342.45001220703125,345.04998779296875,340.1499938964844,341.6000061035156,4094332
2026-01-15,347.79998779296875,348.3999938964844,343.5,343.5,3263280
2026-01-16,349.3500061035156,349.3500061035156,345.29998779296875,347.79998779296875,3507053
2026-01-19,336.54998779296875,341.0,335.20001220703125,340.95001220703125,6894580
2026-01-20,338.8999938964844,339.04998779296875,330.6499938964844,332.5,4392058
2026-01-21,337.6000061035156,337.6000061035156,331.04998779296875,336.0,4364620
2026-01-22,339.5,344.95001220703125,338.3999938964844,343.8999938964844,5263991
2026-01-23,338.8500061035156,339.3500061035156,333.0,339.3500061035156,3932956
2026-01-26,338.04998779296875,340.5,337.95001220703125,338.6000061035156,3293793
2026-01-27,341.3500061035156,341.5,338.70001220703125,339.5,3024391
2026-01-28,339.5,344.20001220703125,339.29998779296875,342.5,2815110
2026-01-29,342.95001220703125,346.6499938964844,340.95001220703125,341.45001220703125,4661433
2026-01-30,343.20001220703125,345.0,341.54998779296875,343.1499938964844,2808954
2026-02-02,348.8999938964844,350.1000061035156,338.29998779296875,341.1499938964844,3897832
2026-02-03,352.70001220703125,353.54998779296875,349.1499938964844,350.79998779296875,3129346
2026-02-04,356.75,358.29998779296875,351.25,352.70001220703125,4156161
2026-02-05,358.8500061035156,358.8500061035156,354.25,357.5,3920371
2026-02-06,362.1499938964844,363.04998779296875,355.1000061035156,358.8500061035156,3262282
2026-02-09,363.79998779296875,366.1499938964844,360.8500061035156,364.54998779296875,2973868
2026-02-10,364.3999938964844,366.04998779296875,363.0,363.79998779296875,2665333
2026-02-11,363.75,367.0,361.45001220703125,365.20001220703125,3797907
2026-02-12,361.0,366.25,361.0,365.45001220703125,3548524
2026-02-13,358.79998779296875,361.25,356.1499938964844,361.25,3049169
2026-02-16,361.25,363.1499938964844,359.5,360.0,2823581
2026-02-17,362.0,362.8500061035156,358.70001220703125,360.6499938964844,3043365
2026-02-18,367.75,368.5,362.6499938964844,362.6499938964844,3193838
2026-02-19,365.54998779296875,369.1499938964844,363.6499938964844,367.8999938964844,2993334
2026-02-20,368.0,368.04998779296875,363.79998779296875,366.25,4086076
2026-02-23,368.04998779296875,369.45001220703125,366.04998779296875,367.8999938964844,3229125
2026-02-24,370.70001220703125,372.20001220703125,367.70001220703125,368.04998779296875,3700401
2026-02-25,372.45001220703125,374.8500061035156,370.0,371.0,3014822
2026-02-26,374.8999938964844,378.0,373.29998779296875,373.45001220703125,2759186
2026-02-27,377.75,378.54998779296875,375.0,375.0,6707127
2026-03-02,368.04998779296875,369.3999938964844,361.54998779296875,369.3500061035156,4258198
2026-03-03,358.45001220703125,363.1000061035156,354.75,361.20001220703125,5074395
2026-03-04,365.0,366.79998779296875,357.45001220703125,358.04998779296875,5114419
2026-03-05,362.5,369.1000061035156,361.75,364.1000061035156,2971414
2026-03-06,356.1000061035156,365.3999938964844,353.20001220703125,364.1499938964844,3264842
2026-03-09,350.54998779296875,351.95001220703125,341.04998779296875,343.8500061035156,4584258
2026-03-10,361.95001220703125,363.45001220703125,358.04998779296875,359.3999938964844,3890659
2026-03-11,355.95001220703125,360.0,355.1499938964844,360.0,3171088
2026-03-12,354.75,357.3500061035156,352.25,355.5,2463175
2026-03-13,351.6499938964844,357.5,349.3500061035156,352.45001220703125,2320159
2026-03-16,353.3500061035156,355.95001220703125,349.1499938964844,351.70001220703125,2500140
2026-03-17,352.04998779296875,355.20001220703125,350.3500061035156,353.0,2129409
2026-03-18,350.3999938964844,358.20001220703125,349.3999938964844,354.0,2732546
2026-03-19,342.20001220703125,345.8999938964844,341.29998779296875,345.3999938964844,3997826
2026-03-20,337.95001220703125,345.8999938964844,336.6499938964844,345.0,7711438
2026-03-23,338.04998779296875,344.04998779296875,326.3500061035156,329.54998779296875,5936646
2026-03-24,342.04998779296875,342.04998779296875,336.29998779296875,339.1499938964844,3556628
2026-03-25,350.1000061035156,350.25,346.25,346.25,3825372
2026-03-26,346.6000061035156,348.79998779296875,345.1499938964844,347.5,2485439
2026-03-27,345.45001220703125,348.0,342.3999938964844,347.6000061035156,2434939
2026-03-30,349.29998779296875,350.25,342.5,345.04998779296875,3140209
2026-03-31,354.29998779296875,356.0,350.3999938964844,351.5,4044664
